"order_item_id,order_id,product_id,quantity,price"
"1,1,931,3,775.1"
"2,1,56,1,856.59"
"3,1,943,1,706.08"
"4,1,263,1,403.78"
"5,2,393,2,616.95"
"6,2,504,2,655.96"
"7,2,787,1,569.64"
"8,2,744,2,39.71"
"9,2,449,1,485.23"
"10,3,591,1,418.03"
"11,3,463,1,680.69"
"12,4,187,1,974.34"
"13,4,487,2,696.89"
"14,4,666,2,573.08"
"15,4,552,1,988.74"
"16,4,236,2,365.28"
"17,5,329,3,136.16"
"18,6,414,1,251.47"
"19,7,278,1,311.36"
"20,7,642,2,58.14"
"21,7,247,1,595.56"
"22,7,641,3,95.23"
"23,8,62,2,365.2"
"24,8,722,2,862.41"
"25,8,120,2,713.97"
"26,8,137,2,714.02"
"27,8,113,3,674.24"
"28,9,846,2,932.25"
"29,9,868,2,801.5"
"30,9,726,1,634.49"
"31,9,323,3,442.23"
"32,10,710,2,204.69"
"33,11,715,3,449.95"
"34,11,210,3,723.11"
"35,11,83,3,593.78"
"36,12,536,2,807.03"
"37,13,911,1,286.59"
"38,13,843,2,683.31"
"39,13,701,2,108.74"
"40,13,370,1,943.62"
"41,13,415,3,572.82"
"42,14,224,1,601.66"
"43,15,432,3,340.44"
"44,15,869,1,336.14"
"45,15,637,3,386.45"
"46,15,731,2,966.55"
"47,16,920,1,234.66"
"48,16,319,2,48.32"
"49,17,507,1,145.46"
"50,17,532,3,398.82"
"51,17,256,3,443.7"
"52,17,254,2,109.75"
"53,17,858,3,617.75"
"54,18,900,1,339.8"
"55,18,326,1,417.33"
"56,18,981,2,200.51"
"57,18,267,3,219.06"
"58,19,990,2,828.05"
"59,20,444,1,235.27"
"60,20,504,2,655.96"
"61,20,851,2,885.66"
"62,21,956,1,42.73"
"63,21,623,2,405.88"
"64,21,282,2,10.09"
"65,21,752,3,698.19"
"66,22,430,3,891.2"
"67,22,28,3,962.27"
"68,22,680,2,362.62"
"69,23,378,2,384.76"
"70,24,613,1,781.86"
"71,24,500,3,896.32"
"72,24,846,2,932.25"
"73,24,256,1,443.7"
"74,24,128,1,777.97"
"75,25,811,2,144.36"
"76,25,785,1,10.99"
"77,26,14,3,214.35"
"78,26,625,1,38.68"
"79,26,360,3,537.74"
"80,26,93,1,93.18"
"81,26,889,3,132.65"
"82,27,489,2,681.28"
"83,27,730,3,827.35"
"84,27,946,2,791.18"
"85,28,807,3,679.77"
"86,28,204,1,852.76"
"87,29,51,1,648.6"
"88,29,366,2,805.17"
"89,29,201,3,688.44"
"90,29,854,3,569.23"
"91,30,988,3,349.33"
"92,30,628,2,847.74"
"93,30,58,2,710.48"
"94,30,798,2,483.72"
"95,30,829,1,439.68"
"96,31,123,1,466.8"
"97,31,365,2,713.49"
"98,32,533,1,52.0"
"99,32,514,3,543.54"
"100,32,129,1,185.78"
"101,32,601,3,763.43"
"102,33,469,1,511.3"
"103,34,505,3,643.6"
"104,34,773,3,274.46"
"105,35,154,3,259.63"
"106,35,914,1,305.97"
"107,35,309,2,41.11"
"108,35,111,3,779.87"
"109,36,573,2,733.01"
"110,36,695,3,261.74"
"111,36,575,1,121.5"
"112,36,647,2,845.18"
"113,37,787,2,569.64"
"114,38,263,2,403.78"
"115,38,794,2,858.38"
"116,38,823,1,770.06"
"117,39,346,2,491.67"
"118,39,787,2,569.64"
"119,39,783,1,571.93"
"120,39,658,3,537.16"
"121,39,465,2,738.14"
"122,40,446,3,383.86"
"123,40,237,3,982.18"
"124,41,716,3,788.26"
"125,41,52,2,983.75"
"126,41,700,2,329.96"
"127,41,819,2,703.96"
"128,42,859,2,708.66"
"129,42,629,2,346.09"
"130,42,744,2,39.71"
"131,42,847,1,705.35"
"132,43,929,2,305.25"
"133,44,50,1,213.8"
"134,45,889,2,132.65"
"135,45,970,3,741.68"
"136,45,141,2,399.62"
"137,45,119,1,498.3"
"138,45,827,3,424.06"
"139,46,589,1,764.07"
"140,46,106,1,821.03"
"141,46,742,3,764.93"
"142,46,986,2,929.19"
"143,47,718,1,648.42"
"144,48,671,3,707.74"
"145,48,770,1,393.19"
"146,48,239,3,944.79"
"147,48,291,2,492.05"
"148,48,893,1,425.01"
"149,49,476,3,461.14"
"150,49,896,3,365.23"
"151,49,180,1,862.55"
"152,50,67,2,927.16"
"153,51,689,2,758.94"
"154,51,468,3,777.21"
"155,51,355,1,655.35"
"156,51,18,3,977.59"
"157,52,655,3,154.35"
"158,53,132,3,568.85"
"159,54,900,2,339.8"
"160,54,30,1,729.24"
"161,54,266,3,556.22"
"162,55,780,2,855.48"
"163,55,946,2,791.18"
"164,55,229,3,880.76"
"165,55,31,2,839.23"
"166,56,239,2,944.79"
"167,56,150,3,900.17"
"168,56,864,2,511.86"
"169,56,917,2,26.3"
"170,56,662,2,516.75"
"171,57,216,3,339.57"
"172,57,956,2,42.73"
"173,57,865,2,396.45"
"174,58,958,1,260.4"
"175,58,100,1,371.85"
"176,58,112,3,977.37"
"177,58,758,3,111.16"
"178,58,503,3,322.82"
"179,59,346,1,491.67"
"180,59,508,3,792.77"
"181,59,591,3,418.03"
"182,60,448,1,346.66"
"183,61,497,2,740.49"
"184,61,793,1,488.07"
"185,62,554,1,356.48"
"186,63,829,2,439.68"
"187,63,228,1,577.32"
"188,63,620,3,47.21"
"189,64,996,3,553.22"
"190,64,668,2,440.46"
"191,64,259,3,84.55"
"192,64,103,2,952.76"
"193,64,919,1,631.51"
"194,65,424,3,238.75"
"195,66,314,2,418.48"
"196,66,179,2,759.15"
"197,66,416,1,139.07"
"198,66,959,2,367.13"
"199,67,621,1,962.74"
"200,68,467,1,426.54"
"201,68,607,1,297.48"
"202,69,312,3,972.07"
"203,69,980,1,431.38"
"204,69,449,1,485.23"
"205,69,599,1,306.89"
"206,70,386,1,603.74"
"207,70,178,3,679.48"
"208,71,842,1,100.43"
"209,72,410,1,910.91"
"210,73,863,1,970.28"
"211,73,633,1,293.09"
"212,73,954,1,12.05"
"213,73,296,1,306.31"
"214,74,941,2,711.59"
"215,74,127,2,904.11"
"216,74,103,3,952.76"
"217,74,484,3,386.59"
"218,74,374,1,892.04"
"219,75,767,2,938.23"
"220,75,261,1,905.75"
"221,76,738,2,382.32"
"222,76,330,2,952.57"
"223,77,640,1,366.82"
"224,77,479,3,313.1"
"225,78,695,1,261.74"
"226,78,96,2,948.96"
"227,78,779,3,299.12"
"228,79,860,1,59.07"
"229,79,726,1,634.49"
"230,79,303,1,423.26"
"231,79,148,3,227.89"
"232,80,829,1,439.68"
"233,80,459,1,60.79"
"234,80,33,2,306.15"
"235,81,404,1,187.95"
"236,81,610,3,345.95"
"237,82,595,2,302.28"
"238,82,764,1,548.56"
"239,83,468,1,777.21"
"240,83,65,2,282.96"
"241,83,853,1,284.67"
"242,84,47,2,539.36"
"243,84,968,2,72.89"
"244,84,154,1,259.63"
"245,85,82,2,275.15"
"246,85,496,2,346.4"
"247,86,26,1,626.04"
"248,86,696,3,63.87"
"249,86,551,3,635.67"
"250,86,936,3,486.23"
"251,87,220,1,38.09"
"252,87,108,2,986.26"
"253,88,124,1,195.89"
"254,88,722,3,862.41"
"255,88,826,1,490.58"
"256,88,651,2,167.15"
"257,89,229,1,880.76"
"258,89,86,1,129.28"
"259,89,598,2,595.33"
"260,90,728,1,138.89"
"261,90,237,3,982.18"
"262,90,18,3,977.59"
"263,91,252,2,21.8"
"264,91,779,2,299.12"
"265,91,387,2,976.27"
"266,91,231,1,380.31"
"267,92,89,1,710.96"
"268,93,38,1,881.6"
"269,93,970,2,741.68"
"270,93,276,1,233.98"
"271,93,492,1,877.77"
"272,93,39,1,677.02"
"273,94,385,1,705.15"
"274,94,945,2,502.57"
"275,94,895,2,33.27"
"276,94,314,2,418.48"
"277,94,504,3,655.96"
"278,95,359,2,837.97"
"279,95,223,2,83.11"
"280,95,168,1,571.86"
"281,96,192,3,623.09"
"282,96,901,3,687.3"
"283,97,655,2,154.35"
"284,97,711,1,926.6"
"285,97,578,3,296.24"
"286,97,541,2,40.68"
"287,98,912,3,100.9"
"288,98,492,1,877.77"
"289,99,677,2,148.26"
"290,99,68,2,919.05"
"291,99,74,2,536.92"
"292,99,959,2,367.13"
"293,100,637,3,386.45"
"294,100,479,3,313.1"
"295,100,465,2,738.14"
"296,101,562,2,329.48"
"297,101,200,3,911.07"
"298,101,546,1,26.19"
"299,102,668,2,440.46"
"300,102,583,2,433.98"
"301,102,75,3,341.55"
"302,102,972,1,432.07"
"303,102,917,2,26.3"
"304,103,256,1,443.7"
"305,104,66,3,871.23"
"306,104,92,2,622.36"
"307,105,246,2,638.7"
"308,105,624,1,308.38"
"309,106,492,2,877.77"
"310,106,493,2,17.54"
"311,106,229,1,880.76"
"312,106,174,1,382.13"
"313,106,378,1,384.76"
"314,107,418,2,395.39"
"315,107,12,2,556.86"
"316,108,194,2,908.25"
"317,109,378,3,384.76"
"318,109,84,3,28.75"
"319,109,827,3,424.06"
"320,109,75,3,341.55"
"321,110,949,2,222.64"
"322,111,423,1,183.85"
"323,111,560,3,632.13"
"324,111,655,2,154.35"
"325,112,994,2,404.85"
"326,112,166,3,96.99"
"327,112,138,3,679.39"
"328,112,776,3,296.88"
"329,112,743,1,295.44"
"330,113,958,1,260.4"
"331,113,740,3,309.19"
"332,113,710,3,204.69"
"333,114,961,1,844.77"
"334,114,206,3,916.46"
"335,114,570,2,100.72"
"336,114,984,3,796.87"
"337,115,36,2,772.57"
"338,116,338,1,234.94"
"339,116,413,1,735.04"
"340,116,941,1,711.59"
"341,116,519,2,417.84"
"342,116,574,2,65.57"
"343,117,775,3,699.0"
"344,117,333,3,248.85"
"345,118,450,1,286.88"
"346,118,397,2,512.97"
"347,118,669,2,822.52"
"348,119,976,3,760.5"
"349,119,513,3,293.99"
"350,119,53,3,409.72"
"351,119,470,1,732.42"
"352,119,499,1,365.82"
"353,120,650,1,251.22"
"354,120,665,2,662.68"
"355,121,626,3,960.91"
"356,122,804,1,660.0"
"357,123,834,2,377.26"
"358,123,724,2,248.64"
"359,123,557,1,498.05"
"360,123,643,1,845.59"
"361,124,125,2,19.92"
"362,124,876,2,219.42"
"363,124,117,2,939.74"
"364,124,457,3,675.85"
"365,125,31,2,839.23"
"366,125,938,2,641.89"
"367,125,311,3,366.98"
"368,125,329,3,136.16"
"369,126,371,1,742.38"
"370,126,727,2,452.88"
"371,126,120,3,713.97"
"372,126,997,2,551.9"
"373,127,177,1,407.5"
"374,128,232,2,593.38"
"375,129,693,2,68.9"
"376,130,270,2,696.14"
"377,130,996,1,553.22"
"378,130,360,1,537.74"
"379,131,75,3,341.55"
"380,131,503,2,322.82"
"381,131,985,3,485.28"
"382,131,661,2,574.62"
"383,131,609,2,720.33"
"384,132,281,1,27.77"
"385,132,138,2,679.39"
"386,132,104,1,789.05"
"387,133,651,1,167.15"
"388,133,326,3,417.33"
"389,133,980,3,431.38"
"390,133,172,3,459.03"
"391,133,966,3,423.25"
"392,134,709,3,56.22"
"393,134,389,3,752.83"
"394,134,826,3,490.58"
"395,134,26,1,626.04"
"396,134,892,2,828.83"
"397,135,684,1,361.81"
"398,135,978,1,339.75"
"399,135,491,3,424.0"
"400,136,383,1,522.43"
"401,136,519,3,417.84"
"402,136,358,3,315.62"
"403,137,164,3,162.73"
"404,137,417,1,696.61"
"405,137,16,1,579.0"
"406,137,189,2,711.57"
"407,138,614,3,460.18"
"408,138,946,3,791.18"
"409,139,197,1,63.12"
"410,139,878,2,58.22"
"411,139,926,3,424.23"
"412,139,516,3,802.5"
"413,139,157,3,859.86"
"414,140,26,2,626.04"
"415,140,598,1,595.33"
"416,140,492,1,877.77"
"417,140,879,3,922.94"
"418,141,876,1,219.42"
"419,141,918,1,191.58"
"420,141,667,2,581.16"
"421,141,799,1,220.69"
"422,141,385,1,705.15"
"423,142,797,2,804.28"
"424,142,862,1,713.42"
"425,142,458,2,851.91"
"426,142,299,3,410.09"
"427,142,771,1,56.65"
"428,143,482,3,105.83"
"429,143,912,2,100.9"
"430,143,633,1,293.09"
"431,143,798,1,483.72"
"432,143,351,1,179.61"
"433,144,197,1,63.12"
"434,144,648,3,713.95"
"435,144,177,2,407.5"
"436,144,916,3,508.27"
"437,144,414,3,251.47"
"438,145,172,2,459.03"
"439,146,300,2,955.1"
"440,146,14,2,214.35"
"441,146,664,1,953.26"
"442,147,944,3,544.56"
"443,148,741,1,759.82"
"444,148,46,1,190.71"
"445,149,279,1,681.38"
"446,149,915,2,286.46"
"447,149,275,3,259.53"
"448,149,453,3,566.16"
"449,149,216,2,339.57"
"450,150,808,1,160.24"
"451,150,558,3,971.75"
"452,151,488,3,409.84"
"453,151,67,1,927.16"
"454,151,19,1,370.5"
"455,151,239,2,944.79"
"456,151,606,3,668.77"
"457,152,493,2,17.54"
"458,152,247,1,595.56"
"459,152,860,2,59.07"
"460,152,747,2,447.13"
"461,153,766,3,506.44"
"462,153,513,2,293.99"
"463,153,225,1,920.02"
"464,154,775,2,699.0"
"465,154,300,3,955.1"
"466,154,679,2,721.83"
"467,154,534,1,389.71"
"468,155,433,2,603.74"
"469,156,18,1,977.59"
"470,156,955,2,113.92"
"471,157,807,2,679.77"
"472,157,254,2,109.75"
"473,158,773,3,274.46"
"474,158,156,3,861.73"
"475,158,870,1,966.02"
"476,158,277,1,389.64"
"477,158,141,1,399.62"
"478,159,536,1,807.03"
"479,160,498,2,371.52"
"480,160,481,2,699.49"
"481,160,372,3,798.17"
"482,160,143,3,829.96"
"483,160,634,1,118.52"
"484,161,627,3,172.07"
"485,161,146,3,957.03"
"486,161,992,3,322.85"
"487,161,682,1,527.31"
"488,161,13,1,179.17"
"489,162,937,3,659.16"
"490,162,241,3,836.26"
"491,162,55,1,906.07"
"492,162,303,1,423.26"
"493,163,681,3,545.26"
"494,163,725,1,146.49"
"495,163,115,3,959.56"
"496,164,344,2,274.86"
"497,164,729,3,698.67"
"498,164,835,1,835.5"
"499,164,444,1,235.27"
"500,165,717,1,271.32"
"501,165,433,1,603.74"
"502,165,47,2,539.36"
"503,165,492,2,877.77"
"504,165,969,3,157.24"
"505,166,655,1,154.35"
"506,166,733,2,481.94"
"507,167,563,3,318.95"
"508,167,144,3,295.99"
"509,167,325,3,938.89"
"510,167,310,1,590.61"
"511,168,118,1,192.79"
"512,169,497,3,740.49"
"513,169,809,1,101.31"
"514,169,929,1,305.25"
"515,170,612,1,432.71"
"516,170,885,2,778.77"
"517,170,37,2,472.74"
"518,170,734,2,955.61"
"519,171,911,2,286.59"
"520,171,723,2,136.88"
"521,171,852,2,325.42"
"522,172,586,2,770.32"
"523,172,337,1,773.92"
"524,173,261,2,905.75"
"525,173,91,1,581.3"
"526,174,563,3,318.95"
"527,175,64,3,422.24"
"528,176,692,3,201.71"
"529,177,141,2,399.62"
"530,178,581,1,951.36"
"531,179,783,2,571.93"
"532,179,871,2,452.95"
"533,179,90,1,637.08"
"534,179,603,1,636.99"
"535,179,192,2,623.09"
"536,180,36,1,772.57"
"537,180,265,2,573.34"
"538,180,503,3,322.82"
"539,180,841,1,172.45"
"540,180,67,3,927.16"
"541,181,945,2,502.57"
"542,181,69,1,253.55"
"543,181,370,3,943.62"
"544,181,571,2,48.74"
"545,182,627,1,172.07"
"546,182,311,1,366.98"
"547,182,9,1,708.26"
"548,182,490,1,375.31"
"549,183,131,1,758.43"
"550,183,120,3,713.97"
"551,183,730,2,827.35"
"552,183,260,2,597.95"
"553,183,45,1,440.91"
"554,184,333,3,248.85"
"555,184,272,1,880.86"
"556,184,598,3,595.33"
"557,184,559,3,113.57"
"558,184,180,1,862.55"
"559,185,601,2,763.43"
"560,185,68,2,919.05"
"561,185,608,1,378.92"
"562,185,539,3,341.32"
"563,186,271,1,356.83"
"564,186,338,3,234.94"
"565,187,76,1,990.99"
"566,187,27,3,641.07"
"567,187,430,2,891.2"
"568,187,152,1,60.94"
"569,188,2,3,331.11"
"570,189,267,3,219.06"
"571,189,888,3,130.69"
"572,190,81,3,232.75"
"573,190,879,2,922.94"
"574,190,960,1,998.31"
"575,190,424,2,238.75"
"576,191,130,1,709.37"
"577,191,147,1,691.39"
"578,192,967,3,618.52"
"579,192,962,3,390.4"
"580,193,357,1,873.54"
"581,193,704,1,420.73"
"582,193,412,2,570.65"
"583,194,718,3,648.42"
"584,195,682,2,527.31"
"585,195,800,2,208.71"
"586,196,230,3,634.79"
"587,196,664,2,953.26"
"588,196,633,2,293.09"
"589,196,962,3,390.4"
"590,196,2,3,331.11"
"591,197,748,1,637.44"
"592,197,38,1,881.6"
"593,197,173,2,826.07"
"594,197,279,3,681.38"
"595,198,522,1,455.09"
"596,198,146,1,957.03"
"597,199,220,3,38.09"
"598,199,426,2,580.46"
"599,200,800,1,208.71"
"600,200,163,1,919.67"
"601,200,372,1,798.17"
"602,200,200,3,911.07"
"603,200,542,2,116.62"
"604,201,743,3,295.44"
"605,201,597,2,174.29"
"606,201,745,1,891.98"
"607,201,254,3,109.75"
"608,202,642,1,58.14"
"609,202,440,3,590.49"
"610,202,166,2,96.99"
"611,203,399,3,855.68"
"612,203,115,3,959.56"
"613,203,330,2,952.57"
"614,203,951,3,241.44"
"615,204,518,2,989.87"
"616,205,305,2,35.31"
"617,206,407,1,821.93"
"618,206,707,3,146.3"
"619,206,695,3,261.74"
"620,206,110,3,473.66"
"621,206,227,3,539.43"
"622,207,648,1,713.95"
"623,207,615,3,142.66"
"624,208,783,1,571.93"
"625,209,364,3,49.92"
"626,209,35,3,359.54"
"627,209,316,3,259.83"
"628,210,107,1,960.8"
"629,211,724,2,248.64"
"630,211,836,2,689.3"
"631,211,727,1,452.88"
"632,212,134,3,378.26"
"633,212,476,1,461.14"
"634,212,313,1,352.26"
"635,212,37,1,472.74"
"636,212,658,3,537.16"
"637,213,632,1,615.03"
"638,213,694,3,426.26"
"639,213,556,2,517.09"
"640,213,440,1,590.49"
"641,214,14,1,214.35"
"642,214,172,1,459.03"
"643,214,652,1,607.0"
"644,215,63,2,619.75"
"645,215,864,1,511.86"
"646,216,453,2,566.16"
"647,216,296,1,306.31"
"648,216,893,2,425.01"
"649,216,984,3,796.87"
"650,216,621,2,962.74"
"651,217,552,1,988.74"
"652,217,504,2,655.96"
"653,217,379,3,886.62"
"654,217,99,2,870.43"
"655,218,243,3,49.65"
"656,218,738,2,382.32"
"657,218,547,3,352.32"
"658,218,235,1,30.3"
"659,219,885,1,778.77"
"660,219,468,2,777.21"
"661,219,861,3,948.6"
"662,219,635,1,433.08"
"663,219,122,1,869.0"
"664,220,976,1,760.5"
"665,220,244,2,875.23"
"666,220,821,2,146.03"
"667,220,363,1,534.27"
"668,220,374,1,892.04"
"669,221,818,2,195.22"
"670,222,418,3,395.39"
"671,223,878,1,58.22"
"672,224,340,3,812.05"
"673,224,496,1,346.4"
"674,224,912,2,100.9"
"675,224,860,3,59.07"
"676,225,198,2,637.6"
"677,225,3,1,207.19"
"678,226,511,1,212.91"
"679,227,605,2,481.41"
"680,227,637,1,386.45"
"681,228,761,3,645.65"
"682,228,763,1,411.17"
"683,228,442,3,736.69"
"684,228,460,3,874.34"
"685,228,745,2,891.98"
"686,229,351,3,179.61"
"687,229,421,3,797.93"
"688,229,865,3,396.45"
"689,230,204,2,852.76"
"690,230,767,1,938.23"
"691,231,586,1,770.32"
"692,231,741,2,759.82"
"693,231,988,1,349.33"
"694,232,930,2,959.39"
"695,232,157,1,859.86"
"696,232,27,1,641.07"
"697,233,70,1,976.14"
"698,233,823,3,770.06"
"699,233,131,3,758.43"
"700,234,161,2,424.1"
"701,234,9,2,708.26"
"702,234,353,3,744.33"
"703,234,521,1,780.81"
"704,235,719,1,441.12"
"705,235,807,3,679.77"
"706,235,667,1,581.16"
"707,235,92,1,622.36"
"708,235,336,1,280.55"
"709,236,972,2,432.07"
"710,236,577,2,289.12"
"711,237,383,2,522.43"
"712,237,913,3,766.44"
"713,237,784,3,689.28"
"714,237,372,2,798.17"
"715,237,537,3,53.39"
"716,238,215,3,725.64"
"717,239,967,3,618.52"
"718,239,41,1,913.33"
"719,240,177,3,407.5"
"720,240,184,3,29.57"
"721,240,369,1,508.67"
"722,241,798,2,483.72"
"723,242,949,3,222.64"
"724,243,451,2,787.78"
"725,243,165,1,153.78"
"726,243,750,3,802.13"
"727,243,302,3,301.16"
"728,243,848,2,206.87"
"729,244,398,3,572.02"
"730,245,678,1,171.92"
"731,246,481,3,699.49"
"732,246,909,2,389.39"
"733,246,54,2,182.11"
"734,246,124,2,195.89"
"735,246,365,2,713.49"
"736,247,493,1,17.54"
"737,247,217,1,300.05"
"738,247,940,2,956.46"
"739,248,827,3,424.06"
"740,248,702,1,133.62"
"741,249,343,2,747.47"
"742,250,638,2,40.0"
"743,250,897,2,304.36"
"744,250,75,1,341.55"
"745,250,624,2,308.38"
"746,251,485,1,934.37"
"747,251,865,3,396.45"
"748,251,996,2,553.22"
"749,251,871,1,452.95"
"750,251,273,1,489.07"
"751,252,431,1,553.96"
"752,252,700,3,329.96"
"753,252,48,3,602.25"
"754,253,72,3,105.44"
"755,253,250,3,81.88"
"756,254,224,1,601.66"
"757,255,465,2,738.14"
"758,255,237,3,982.18"
"759,255,135,1,748.36"
"760,256,998,2,316.88"
"761,256,169,1,370.43"
"762,256,322,2,799.42"
"763,257,167,1,968.77"
"764,257,354,2,656.92"
"765,257,82,1,275.15"
"766,258,746,3,887.82"
"767,258,358,1,315.62"
"768,258,972,3,432.07"
"769,259,117,1,939.74"
"770,259,868,2,801.5"
"771,259,195,1,887.89"
"772,259,491,1,424.0"
"773,259,555,2,511.92"
"774,260,371,1,742.38"
"775,260,563,1,318.95"
"776,261,751,2,595.29"
"777,261,776,1,296.88"
"778,261,778,2,235.49"
"779,262,497,2,740.49"
"780,262,981,3,200.51"
"781,262,493,2,17.54"
"782,262,816,2,235.61"
"783,263,113,1,674.24"
"784,263,921,1,114.15"
"785,263,562,2,329.48"
"786,263,630,3,843.34"
"787,263,53,1,409.72"
"788,264,984,2,796.87"
"789,264,405,2,545.55"
"790,265,180,3,862.55"
"791,265,533,3,52.0"
"792,266,673,3,28.95"
"793,266,415,2,572.82"
"794,266,975,2,886.12"
"795,267,281,2,27.77"
"796,268,332,3,503.51"
"797,268,455,3,639.45"
"798,269,733,3,481.94"
"799,269,134,2,378.26"
"800,269,42,3,749.09"
"801,269,826,1,490.58"
"802,270,34,1,858.09"
"803,270,886,2,540.55"
"804,270,161,1,424.1"
"805,271,567,1,373.58"
"806,271,198,3,637.6"
"807,271,725,3,146.49"
"808,271,770,2,393.19"
"809,271,450,3,286.88"
"810,272,716,2,788.26"
"811,272,284,3,16.43"
"812,273,633,3,293.09"
"813,273,106,3,821.03"
"814,274,119,3,498.3"
"815,274,424,3,238.75"
"816,274,960,1,998.31"
"817,274,320,2,776.35"
"818,275,458,1,851.91"
"819,275,886,3,540.55"
"820,275,574,1,65.57"
"821,275,75,3,341.55"
"822,275,275,2,259.53"
"823,276,726,3,634.49"
"824,276,663,3,200.94"
"825,276,853,3,284.67"
"826,276,250,3,81.88"
"827,276,67,1,927.16"
"828,277,899,2,297.87"
"829,277,186,3,490.66"
"830,278,915,2,286.46"
"831,278,622,3,688.76"
"832,278,262,2,758.73"
"833,278,845,3,152.26"
"834,278,222,2,358.56"
"835,279,37,1,472.74"
"836,279,829,2,439.68"
"837,279,44,2,22.76"
"838,279,574,2,65.57"
"839,279,122,1,869.0"
"840,280,528,2,861.15"
"841,280,173,1,826.07"
"842,280,629,3,346.09"
"843,280,12,1,556.86"
"844,281,39,3,677.02"
"845,281,744,3,39.71"
"846,281,118,2,192.79"
"847,281,59,1,765.54"
"848,282,786,3,256.67"
"849,283,993,1,880.3"
"850,283,736,2,126.88"
"851,283,754,1,784.8"
"852,283,276,3,233.98"
"853,284,855,2,112.71"
"854,284,950,2,541.86"
"855,284,535,3,191.21"
"856,284,174,3,382.13"
"857,284,491,2,424.0"
"858,285,496,2,346.4"
"859,285,347,1,66.27"
"860,285,724,1,248.64"
"861,286,107,2,960.8"
"862,286,572,1,792.88"
"863,286,163,3,919.67"
"864,286,795,2,520.12"
"865,286,510,2,155.53"
"866,287,253,1,575.5"
"867,288,778,1,235.49"
"868,288,386,3,603.74"
"869,289,884,3,843.25"
"870,290,848,1,206.87"
"871,290,25,3,743.61"
"872,291,307,1,829.11"
"873,291,267,1,219.06"
"874,291,921,1,114.15"
"875,292,193,2,837.37"
"876,292,487,2,696.89"
"877,292,709,2,56.22"
"878,292,962,2,390.4"
"879,293,955,1,113.92"
"880,294,907,3,663.46"
"881,294,19,2,370.5"
"882,294,432,1,340.44"
"883,295,266,2,556.22"
"884,295,965,3,204.37"
"885,295,261,2,905.75"
"886,295,201,1,688.44"
"887,295,654,3,627.14"
"888,296,657,3,892.42"
"889,296,154,3,259.63"
"890,297,255,3,185.55"
"891,297,427,2,429.28"
"892,297,790,1,490.62"
"893,297,835,1,835.5"
"894,297,265,2,573.34"
"895,298,647,1,845.18"
"896,298,871,2,452.95"
"897,298,722,1,862.41"
"898,298,476,2,461.14"
"899,298,122,3,869.0"
"900,299,198,1,637.6"
"901,299,347,3,66.27"
"902,299,556,2,517.09"
"903,299,519,2,417.84"
"904,300,777,2,502.82"
"905,300,83,2,593.78"
"906,300,843,2,683.31"
"907,300,660,1,365.34"
"908,300,878,2,58.22"
"909,301,331,3,780.95"
"910,301,149,2,695.15"
"911,301,129,3,185.78"
"912,302,393,1,616.95"
"913,302,955,3,113.92"
"914,302,4,1,568.08"
"915,302,879,2,922.94"
"916,302,829,3,439.68"
"917,303,689,3,758.94"
"918,303,716,2,788.26"
"919,304,814,3,738.49"
"920,305,210,2,723.11"
"921,306,977,1,762.15"
"922,306,790,1,490.62"
"923,306,131,3,758.43"
"924,307,824,3,490.52"
"925,307,990,3,828.05"
"926,307,454,3,120.29"
"927,307,201,1,688.44"
"928,308,487,1,696.89"
"929,308,573,3,733.01"
"930,308,487,3,696.89"
"931,308,265,3,573.34"
"932,308,709,3,56.22"
"933,309,999,1,759.13"
"934,309,360,3,537.74"
"935,309,157,3,859.86"
"936,310,556,2,517.09"
"937,310,389,3,752.83"
"938,310,337,3,773.92"
"939,310,966,1,423.25"
"940,311,398,1,572.02"
"941,312,81,1,232.75"
"942,312,647,2,845.18"
"943,313,728,3,138.89"
"944,313,894,3,993.66"
"945,313,111,3,779.87"
"946,313,516,3,802.5"
"947,313,213,3,561.78"
"948,314,425,2,418.93"
"949,315,161,3,424.1"
"950,316,622,1,688.76"
"951,316,263,2,403.78"
"952,317,746,1,887.82"
"953,318,586,3,770.32"
"954,318,132,2,568.85"
"955,319,369,1,508.67"
"956,320,384,2,692.82"
"957,320,418,3,395.39"
"958,320,648,1,713.95"
"959,320,950,2,541.86"
"960,321,685,1,256.96"
"961,321,665,1,662.68"
"962,322,245,3,675.32"
"963,322,474,2,759.19"
"964,322,490,1,375.31"
"965,322,282,1,10.09"
"966,323,77,2,161.84"
"967,324,937,2,659.16"
"968,324,899,2,297.87"
"969,324,586,2,770.32"
"970,325,532,3,398.82"
"971,325,275,1,259.53"
"972,326,169,2,370.43"
"973,326,829,3,439.68"
"974,326,595,3,302.28"
"975,326,992,3,322.85"
"976,326,571,3,48.74"
"977,327,594,3,919.24"
"978,327,167,1,968.77"
"979,327,882,2,988.89"
"980,328,10,1,483.54"
"981,328,715,3,449.95"
"982,328,535,1,191.21"
"983,329,933,2,761.28"
"984,329,54,3,182.11"
"985,330,353,1,744.33"
"986,330,976,1,760.5"
"987,331,463,1,680.69"
"988,331,743,2,295.44"
"989,331,380,3,704.06"
"990,332,677,1,148.26"
"991,332,804,1,660.0"
"992,332,162,1,182.86"
"993,332,475,3,744.64"
"994,333,424,3,238.75"
"995,334,85,2,902.76"
"996,334,7,1,888.71"
"997,334,446,1,383.86"
"998,335,208,3,623.12"
"999,335,801,1,200.99"
"1000,335,272,1,880.86"
"1001,336,182,1,714.98"
"1002,336,363,1,534.27"
"1003,336,313,2,352.26"
"1004,336,464,3,957.02"
"1005,336,457,1,675.85"
"1006,337,807,3,679.77"
"1007,337,508,3,792.77"
"1008,337,256,3,443.7"
"1009,337,853,2,284.67"
"1010,337,391,3,642.56"
"1011,338,1,2,50.89"
"1012,339,710,1,204.69"
"1013,340,930,3,959.39"
"1014,341,601,1,763.43"
"1015,342,68,2,919.05"
"1016,342,642,3,58.14"
"1017,342,981,1,200.51"
"1018,342,146,2,957.03"
"1019,343,604,3,987.33"
"1020,343,800,1,208.71"
"1021,343,579,2,561.98"
"1022,343,680,2,362.62"
"1023,343,656,1,205.06"
"1024,344,821,1,146.03"
"1025,345,157,3,859.86"
"1026,346,423,3,183.85"
"1027,346,703,1,223.21"
"1028,346,762,1,747.17"
"1029,346,384,2,692.82"
"1030,346,790,2,490.62"
"1031,347,340,3,812.05"
"1032,347,855,1,112.71"
"1033,347,554,2,356.48"
"1034,347,510,1,155.53"
"1035,348,179,3,759.15"
"1036,348,457,1,675.85"
"1037,348,87,1,836.67"
"1038,349,994,2,404.85"
"1039,349,745,1,891.98"
"1040,349,464,3,957.02"
"1041,349,538,3,939.82"
"1042,349,533,1,52.0"
"1043,350,772,1,176.17"
"1044,350,918,2,191.58"
"1045,350,127,3,904.11"
"1046,350,710,1,204.69"
"1047,350,987,1,802.78"
"1048,351,848,2,206.87"
"1049,352,42,2,749.09"
"1050,353,112,1,977.37"
"1051,353,926,2,424.23"
"1052,354,690,2,536.68"
"1053,354,70,1,976.14"
"1054,354,893,3,425.01"
"1055,354,593,1,996.5"
"1056,354,850,3,500.57"
"1057,355,943,3,706.08"
"1058,355,785,2,10.99"
"1059,356,389,1,752.83"
"1060,356,549,3,652.75"
"1061,356,722,1,862.41"
"1062,356,236,2,365.28"
"1063,357,337,1,773.92"
"1064,358,974,3,462.45"
"1065,358,904,3,672.21"
"1066,359,781,1,786.74"
"1067,360,434,2,552.79"
"1068,361,517,1,844.75"
"1069,361,532,3,398.82"
"1070,362,477,1,813.38"
"1071,362,877,1,47.66"
"1072,362,861,2,948.6"
"1073,363,247,2,595.56"
"1074,363,307,1,829.11"
"1075,363,898,2,11.6"
"1076,363,90,2,637.08"
"1077,363,826,3,490.58"
"1078,364,577,2,289.12"
"1079,364,1,2,50.89"
"1080,364,3,3,207.19"
"1081,364,826,2,490.58"
"1082,365,133,3,778.06"
"1083,365,503,2,322.82"
"1084,366,651,3,167.15"
"1085,366,631,2,537.82"
"1086,366,606,1,668.77"
"1087,366,327,1,591.08"
"1088,367,636,3,455.9"
"1089,368,390,3,250.68"
"1090,369,325,1,938.89"
"1091,369,288,3,740.69"
"1092,369,599,1,306.89"
"1093,369,187,2,974.34"
"1094,370,384,2,692.82"
"1095,370,328,1,959.16"
"1096,370,562,2,329.48"
"1097,370,830,1,873.37"
"1098,371,437,1,250.61"
"1099,371,737,3,443.36"
"1100,372,470,3,732.42"
"1101,372,806,2,659.64"
"1102,372,834,2,377.26"
"1103,372,121,1,113.07"
"1104,372,519,2,417.84"
"1105,373,342,3,47.73"
"1106,373,881,2,638.03"
"1107,373,710,2,204.69"
"1108,373,755,1,171.39"
"1109,373,87,2,836.67"
"1110,374,379,1,886.62"
"1111,374,573,3,733.01"
"1112,374,357,3,873.54"
"1113,374,664,2,953.26"
"1114,374,802,3,472.31"
"1115,375,89,3,710.96"
"1116,375,855,3,112.71"
"1117,375,365,2,713.49"
"1118,375,570,2,100.72"
"1119,376,87,2,836.67"
"1120,376,119,2,498.3"
"1121,376,463,2,680.69"
"1122,376,835,2,835.5"
"1123,376,277,1,389.64"
"1124,377,841,1,172.45"
"1125,377,586,2,770.32"
"1126,378,52,1,983.75"
"1127,378,920,3,234.66"
"1128,378,474,2,759.19"
"1129,379,310,1,590.61"
"1130,380,108,2,986.26"
"1131,380,766,1,506.44"
"1132,380,542,1,116.62"
"1133,380,480,3,734.92"
"1134,380,361,1,562.92"
"1135,381,537,2,53.39"
"1136,381,767,3,938.23"
"1137,381,465,1,738.14"
"1138,381,730,1,827.35"
"1139,381,225,1,920.02"
"1140,382,302,3,301.16"
"1141,382,800,2,208.71"
"1142,382,862,2,713.42"
"1143,382,12,1,556.86"
"1144,382,618,1,715.81"
"1145,383,19,2,370.5"
"1146,383,756,2,688.03"
"1147,383,914,2,305.97"
"1148,384,314,3,418.48"
"1149,384,596,1,497.19"
"1150,384,495,3,350.85"
"1151,384,580,3,337.37"
"1152,385,23,2,864.38"
"1153,385,362,1,394.41"
"1154,386,382,3,769.78"
"1155,386,230,1,634.79"
"1156,386,437,1,250.61"
"1157,386,597,1,174.29"
"1158,387,748,1,637.44"
"1159,387,740,3,309.19"
"1160,387,472,1,600.35"
"1161,388,127,1,904.11"
"1162,388,187,3,974.34"
"1163,389,221,3,609.34"
"1164,389,216,1,339.57"
"1165,389,621,1,962.74"
"1166,389,272,3,880.86"
"1167,389,153,3,928.62"
"1168,390,998,2,316.88"
"1169,390,305,1,35.31"
"1170,390,748,1,637.44"
"1171,390,750,1,802.13"
"1172,390,680,3,362.62"
"1173,391,362,1,394.41"
"1174,391,826,1,490.58"
"1175,391,306,3,35.31"
"1176,391,30,1,729.24"
"1177,391,83,1,593.78"
"1178,392,122,1,869.0"
"1179,393,705,2,218.47"
"1180,393,147,1,691.39"
"1181,394,325,1,938.89"
"1182,394,579,2,561.98"
"1183,394,543,2,863.73"
"1184,394,206,2,916.46"
"1185,395,281,3,27.77"
"1186,395,780,2,855.48"
"1187,395,19,1,370.5"
"1188,396,479,1,313.1"
"1189,397,826,3,490.58"
"1190,398,667,3,581.16"
"1191,399,228,3,577.32"
"1192,400,416,3,139.07"
"1193,400,308,2,653.08"
"1194,400,24,1,932.68"
"1195,400,499,3,365.82"
"1196,400,895,1,33.27"
"1197,401,866,2,641.15"
"1198,401,589,3,764.07"
"1199,401,842,1,100.43"
"1200,401,815,2,796.97"
"1201,402,651,2,167.15"
"1202,402,670,2,842.16"
"1203,402,354,3,656.92"
"1204,403,583,3,433.98"
"1205,403,177,1,407.5"
"1206,403,265,2,573.34"
"1207,403,112,3,977.37"
"1208,404,467,3,426.54"
"1209,404,912,2,100.9"
"1210,404,542,2,116.62"
"1211,405,492,1,877.77"
"1212,405,180,1,862.55"
"1213,406,725,1,146.49"
"1214,407,317,1,235.19"
"1215,407,797,2,804.28"
"1216,408,650,2,251.22"
"1217,408,122,1,869.0"
"1218,408,531,2,783.26"
"1219,409,705,2,218.47"
"1220,409,553,2,98.22"
"1221,409,103,1,952.76"
"1222,409,836,1,689.3"
"1223,409,470,1,732.42"
"1224,410,743,1,295.44"
"1225,410,911,3,286.59"
"1226,411,558,1,971.75"
"1227,411,961,3,844.77"
"1228,411,429,1,215.47"
"1229,411,947,3,616.34"
"1230,411,377,1,881.8"
"1231,412,210,1,723.11"
"1232,413,701,3,108.74"
"1233,413,889,1,132.65"
"1234,413,585,1,790.68"
"1235,413,193,3,837.37"
"1236,413,803,3,219.98"
"1237,414,436,2,295.77"
"1238,414,25,2,743.61"
"1239,414,36,3,772.57"
"1240,414,110,2,473.66"
"1241,414,942,1,275.32"
"1242,415,416,3,139.07"
"1243,415,456,2,804.24"
"1244,415,43,2,917.09"
"1245,415,177,3,407.5"
"1246,416,534,1,389.71"
"1247,416,305,1,35.31"
"1248,416,354,1,656.92"
"1249,416,826,2,490.58"
"1250,417,380,3,704.06"
"1251,418,658,3,537.16"
"1252,418,446,2,383.86"
"1253,418,681,2,545.26"
"1254,419,995,3,30.78"
"1255,419,233,2,727.94"
"1256,419,443,3,629.62"
"1257,420,662,2,516.75"
"1258,420,228,1,577.32"
"1259,421,686,2,657.65"
"1260,421,973,3,464.59"
"1261,421,328,3,959.16"
"1262,421,243,3,49.65"
"1263,422,98,1,803.6"
"1264,422,999,2,759.13"
"1265,422,62,1,365.2"
"1266,422,536,1,807.03"
"1267,422,396,3,902.28"
"1268,423,184,2,29.57"
"1269,424,860,3,59.07"
"1270,424,310,1,590.61"
"1271,425,452,1,80.53"
"1272,425,751,3,595.29"
"1273,425,338,2,234.94"
"1274,425,36,3,772.57"
"1275,426,763,1,411.17"
"1276,426,277,1,389.64"
"1277,426,942,2,275.32"
"1278,427,833,1,365.22"
"1279,427,394,1,931.64"
"1280,427,396,1,902.28"
"1281,427,343,1,747.47"
"1282,427,625,3,38.68"
"1283,428,525,1,782.2"
"1284,428,255,3,185.55"
"1285,428,639,2,74.25"
"1286,428,384,2,692.82"
"1287,428,298,3,560.47"
"1288,429,316,2,259.83"
"1289,430,691,3,714.92"
"1290,431,98,2,803.6"
"1291,431,14,3,214.35"
"1292,432,339,2,327.25"
"1293,432,534,3,389.71"
"1294,432,967,2,618.52"
"1295,433,463,2,680.69"
"1296,433,387,1,976.27"
"1297,433,977,2,762.15"
"1298,433,527,2,576.52"
"1299,434,377,3,881.8"
"1300,434,850,1,500.57"
"1301,434,638,3,40.0"
"1302,435,650,3,251.22"
"1303,436,939,3,865.38"
"1304,437,527,3,576.52"
"1305,437,357,1,873.54"
"1306,437,789,2,946.53"
"1307,437,965,1,204.37"
"1308,437,204,2,852.76"
"1309,438,263,1,403.78"
"1310,438,563,2,318.95"
"1311,438,677,2,148.26"
"1312,438,839,1,994.17"
"1313,439,148,1,227.89"
"1314,439,289,3,582.76"
"1315,439,603,3,636.99"
"1316,439,882,3,988.89"
"1317,439,415,3,572.82"
"1318,440,691,2,714.92"
"1319,440,578,2,296.24"
"1320,440,581,2,951.36"
"1321,440,257,3,182.9"
"1322,441,332,2,503.51"
"1323,441,981,3,200.51"
"1324,441,797,3,804.28"
"1325,441,935,2,85.28"
"1326,441,711,3,926.6"
"1327,442,363,1,534.27"
"1328,442,672,2,449.95"
"1329,442,316,1,259.83"
"1330,442,299,2,410.09"
"1331,442,532,3,398.82"
"1332,443,268,3,510.91"
"1333,444,244,3,875.23"
"1334,444,846,3,932.25"
"1335,444,464,1,957.02"
"1336,444,164,2,162.73"
"1337,445,307,2,829.11"
"1338,445,869,2,336.14"
"1339,445,291,2,492.05"
"1340,446,143,1,829.96"
"1341,446,356,2,294.19"
"1342,447,855,3,112.71"
"1343,447,55,1,906.07"
"1344,447,595,1,302.28"
"1345,448,791,1,249.12"
"1346,448,68,2,919.05"
"1347,448,783,1,571.93"
"1348,449,219,2,301.18"
"1349,449,818,1,195.22"
"1350,449,546,3,26.19"
"1351,449,1000,2,372.59"
"1352,450,557,2,498.05"
"1353,450,311,3,366.98"
"1354,451,214,1,287.04"
"1355,451,426,3,580.46"
"1356,451,944,2,544.56"
"1357,451,998,3,316.88"
"1358,451,108,3,986.26"
"1359,452,427,1,429.28"
"1360,452,944,1,544.56"
"1361,452,804,1,660.0"
"1362,452,484,1,386.59"
"1363,452,999,1,759.13"
"1364,453,13,2,179.17"
"1365,453,185,3,287.03"
"1366,454,915,1,286.46"
"1367,454,43,3,917.09"
"1368,455,721,2,323.2"
"1369,455,188,1,181.08"
"1370,455,882,2,988.89"
"1371,455,343,1,747.47"
"1372,455,944,2,544.56"
"1373,456,21,3,772.45"
"1374,457,585,3,790.68"
"1375,457,35,2,359.54"
"1376,457,53,1,409.72"
"1377,457,153,1,928.62"
"1378,457,442,1,736.69"
"1379,458,919,1,631.51"
"1380,458,801,1,200.99"
"1381,458,229,1,880.76"
"1382,458,596,1,497.19"
"1383,458,316,3,259.83"
"1384,459,399,3,855.68"
"1385,459,713,1,287.71"
"1386,459,702,1,133.62"
"1387,459,610,1,345.95"
"1388,459,419,1,854.45"
"1389,460,286,3,926.86"
"1390,461,168,1,571.86"
"1391,462,784,3,689.28"
"1392,462,658,2,537.16"
"1393,462,362,3,394.41"
"1394,462,813,3,532.06"
"1395,463,87,1,836.67"
"1396,463,416,1,139.07"
"1397,463,691,3,714.92"
"1398,464,229,2,880.76"
"1399,464,798,2,483.72"
"1400,464,29,2,902.25"
"1401,464,26,2,626.04"
"1402,465,144,1,295.99"
"1403,466,201,3,688.44"
"1404,466,623,2,405.88"
"1405,466,82,1,275.15"
"1406,466,518,3,989.87"
"1407,467,608,1,378.92"
"1408,467,849,2,716.1"
"1409,467,307,3,829.11"
"1410,468,812,2,314.47"
"1411,468,783,1,571.93"
"1412,468,285,1,360.54"
"1413,468,94,1,350.39"
"1414,468,194,1,908.25"
"1415,469,479,1,313.1"
"1416,470,273,3,489.07"
"1417,470,570,3,100.72"
"1418,471,778,1,235.49"
"1419,471,914,3,305.97"
"1420,471,512,2,727.92"
"1421,471,975,1,886.12"
"1422,471,856,1,305.36"
"1423,472,561,3,529.44"
"1424,472,325,1,938.89"
"1425,473,680,3,362.62"
"1426,473,993,3,880.3"
"1427,473,80,1,33.31"
"1428,473,517,2,844.75"
"1429,473,31,1,839.23"
"1430,474,265,1,573.34"
"1431,474,652,3,607.0"
"1432,474,844,3,278.71"
"1433,475,911,3,286.59"
"1434,475,293,1,571.55"
"1435,475,542,3,116.62"
"1436,475,3,1,207.19"
"1437,475,39,3,677.02"
"1438,476,756,1,688.03"
"1439,476,84,1,28.75"
"1440,476,156,1,861.73"
"1441,477,351,3,179.61"
"1442,477,58,2,710.48"
"1443,477,735,2,19.18"
"1444,477,497,1,740.49"
"1445,477,835,2,835.5"
"1446,478,962,3,390.4"
"1447,478,371,3,742.38"
"1448,478,823,2,770.06"
"1449,479,844,3,278.71"
"1450,479,882,3,988.89"
"1451,480,168,2,571.86"
"1452,480,636,3,455.9"
"1453,480,706,2,853.71"
"1454,480,821,2,146.03"
"1455,480,95,1,641.43"
"1456,481,720,3,178.09"
"1457,482,118,1,192.79"
"1458,482,735,1,19.18"
"1459,482,112,1,977.37"
"1460,483,937,2,659.16"
"1461,483,268,3,510.91"
"1462,484,466,1,348.52"
"1463,484,457,2,675.85"
"1464,485,181,3,795.73"
"1465,485,353,2,744.33"
"1466,485,201,3,688.44"
"1467,485,614,2,460.18"
"1468,486,996,1,553.22"
"1469,486,649,2,394.96"
"1470,487,644,3,518.79"
"1471,487,705,1,218.47"
"1472,488,50,1,213.8"
"1473,488,206,3,916.46"
"1474,488,717,1,271.32"
"1475,489,172,3,459.03"
"1476,489,403,1,464.04"
"1477,490,169,2,370.43"
"1478,490,294,1,731.45"
"1479,490,320,1,776.35"
"1480,490,906,3,173.46"
"1481,491,593,1,996.5"
"1482,491,955,1,113.92"
"1483,491,522,3,455.09"
"1484,491,146,3,957.03"
"1485,492,220,1,38.09"
"1486,492,898,2,11.6"
"1487,493,57,3,131.39"
"1488,493,182,3,714.98"
"1489,493,58,1,710.48"
"1490,493,993,1,880.3"
"1491,493,750,3,802.13"
"1492,494,9,2,708.26"
"1493,494,861,1,948.6"
"1494,495,740,2,309.19"
"1495,495,863,1,970.28"
"1496,496,93,1,93.18"
"1497,496,73,2,46.9"
"1498,496,456,2,804.24"
"1499,496,672,2,449.95"
"1500,497,812,3,314.47"
"1501,497,889,3,132.65"
"1502,497,189,2,711.57"
"1503,497,247,3,595.56"
"1504,497,387,1,976.27"
"1505,498,744,1,39.71"
"1506,499,82,3,275.15"
"1507,499,838,3,33.64"
"1508,500,480,1,734.92"
"1509,500,176,1,757.93"
"1510,500,771,1,56.65"
"1511,500,246,1,638.7"
"1512,500,173,3,826.07"
"1513,501,404,2,187.95"
"1514,501,332,3,503.51"
"1515,501,330,3,952.57"
"1516,502,528,3,861.15"
"1517,502,142,1,231.88"
"1518,502,838,2,33.64"
"1519,502,598,2,595.33"
"1520,502,420,2,984.81"
"1521,503,471,1,862.71"
"1522,503,433,2,603.74"
"1523,503,136,1,980.14"
"1524,503,982,1,747.64"
"1525,503,863,3,970.28"
"1526,504,756,2,688.03"
"1527,504,553,3,98.22"
"1528,504,490,1,375.31"
"1529,505,346,2,491.67"
"1530,505,142,3,231.88"
"1531,505,591,1,418.03"
"1532,505,124,3,195.89"
"1533,505,677,1,148.26"
"1534,506,916,1,508.27"
"1535,506,852,3,325.42"
"1536,506,254,1,109.75"
"1537,507,613,1,781.86"
"1538,507,728,3,138.89"
"1539,507,341,1,920.21"
"1540,508,909,3,389.39"
"1541,508,474,2,759.19"
"1542,508,872,3,84.95"
"1543,508,236,2,365.28"
"1544,508,979,3,292.43"
"1545,509,393,1,616.95"
"1546,509,365,2,713.49"
"1547,509,983,2,48.92"
"1548,510,89,2,710.96"
"1549,511,425,3,418.93"
"1550,511,9,1,708.26"
"1551,511,766,2,506.44"
"1552,512,568,2,664.23"
"1553,513,325,2,938.89"
"1554,513,561,3,529.44"
"1555,513,609,1,720.33"
"1556,513,441,2,125.67"
"1557,514,335,3,917.05"
"1558,514,531,1,783.26"
"1559,515,844,3,278.71"
"1560,515,136,3,980.14"
"1561,515,202,3,918.74"
"1562,515,757,1,996.48"
"1563,516,210,2,723.11"
"1564,516,296,2,306.31"
"1565,516,657,1,892.42"
"1566,516,177,3,407.5"
"1567,516,208,1,623.12"
"1568,517,524,1,632.51"
"1569,517,397,1,512.97"
"1570,517,419,3,854.45"
"1571,517,884,3,843.25"
"1572,517,759,2,586.75"
"1573,518,221,2,609.34"
"1574,518,106,1,821.03"
"1575,518,964,3,234.4"
"1576,519,856,2,305.36"
"1577,519,678,1,171.92"
"1578,519,86,3,129.28"
"1579,520,571,1,48.74"
"1580,520,360,3,537.74"
"1581,520,362,1,394.41"
"1582,520,921,1,114.15"
"1583,520,360,2,537.74"
"1584,521,750,2,802.13"
"1585,521,90,1,637.08"
"1586,522,865,2,396.45"
"1587,522,826,2,490.58"
"1588,522,283,1,610.22"
"1589,522,342,3,47.73"
"1590,523,441,2,125.67"
"1591,524,946,3,791.18"
"1592,524,241,1,836.26"
"1593,524,197,1,63.12"
"1594,525,116,3,918.22"
"1595,525,203,3,553.13"
"1596,526,305,2,35.31"
"1597,526,964,1,234.4"
"1598,526,2,1,331.11"
"1599,527,512,1,727.92"
"1600,528,898,1,11.6"
"1601,528,122,3,869.0"
"1602,528,170,3,678.4"
"1603,529,470,3,732.42"
"1604,529,583,1,433.98"
"1605,529,934,3,600.64"
"1606,529,49,2,639.84"
"1607,530,906,1,173.46"
"1608,530,672,1,449.95"
"1609,530,304,1,868.86"
"1610,530,640,1,366.82"
"1611,531,496,1,346.4"
"1612,531,516,3,802.5"
"1613,531,256,2,443.7"
"1614,531,751,3,595.29"
"1615,532,620,3,47.21"
"1616,532,501,2,642.81"
"1617,532,125,3,19.92"
"1618,533,741,3,759.82"
"1619,533,818,3,195.22"
"1620,534,148,2,227.89"
"1621,534,608,3,378.92"
"1622,535,975,3,886.12"
"1623,535,621,1,962.74"
"1624,535,168,3,571.86"
"1625,535,313,2,352.26"
"1626,536,713,2,287.71"
"1627,536,618,1,715.81"
"1628,536,768,2,647.96"
"1629,537,85,2,902.76"
"1630,537,594,3,919.24"
"1631,538,764,3,548.56"
"1632,538,8,1,99.28"
"1633,538,773,1,274.46"
"1634,538,999,3,759.13"
"1635,538,453,2,566.16"
"1636,539,670,1,842.16"
"1637,539,444,2,235.27"
"1638,540,18,1,977.59"
"1639,540,390,2,250.68"
"1640,540,556,3,517.09"
"1641,540,881,3,638.03"
"1642,541,169,3,370.43"
"1643,541,385,3,705.15"
"1644,541,988,3,349.33"
"1645,541,126,1,391.83"
"1646,542,107,2,960.8"
"1647,542,405,3,545.55"
"1648,542,466,2,348.52"
"1649,542,650,1,251.22"
"1650,543,60,1,484.06"
"1651,543,447,2,498.17"
"1652,544,621,2,962.74"
"1653,544,109,1,457.91"
"1654,544,186,3,490.66"
"1655,544,292,3,981.09"
"1656,545,219,3,301.18"
"1657,545,265,3,573.34"
"1658,545,793,3,488.07"
"1659,545,307,3,829.11"
"1660,545,330,1,952.57"
"1661,546,339,1,327.25"
"1662,546,142,2,231.88"
"1663,546,464,3,957.02"
"1664,546,608,3,378.92"
"1665,546,157,1,859.86"
"1666,547,906,3,173.46"
"1667,547,18,1,977.59"
"1668,547,173,3,826.07"
"1669,547,313,2,352.26"
"1670,548,203,3,553.13"
"1671,548,485,2,934.37"
"1672,549,870,2,966.02"
"1673,550,187,3,974.34"
"1674,551,954,3,12.05"
"1675,551,108,3,986.26"
"1676,551,377,3,881.8"
"1677,552,748,3,637.44"
"1678,552,155,2,208.13"
"1679,552,908,1,567.94"
"1680,552,702,2,133.62"
"1681,553,429,1,215.47"
"1682,554,903,3,676.04"
"1683,554,564,1,950.75"
"1684,555,340,2,812.05"
"1685,555,287,3,88.41"
"1686,555,326,3,417.33"
"1687,555,553,1,98.22"
"1688,556,993,1,880.3"
"1689,556,429,3,215.47"
"1690,556,397,3,512.97"
"1691,557,868,3,801.5"
"1692,557,153,2,928.62"
"1693,558,585,3,790.68"
"1694,558,608,2,378.92"
"1695,559,512,2,727.92"
"1696,559,322,1,799.42"
"1697,559,103,3,952.76"
"1698,559,3,1,207.19"
"1699,560,783,3,571.93"
"1700,560,933,3,761.28"
"1701,560,810,1,699.57"
"1702,560,636,3,455.9"
"1703,561,786,3,256.67"
"1704,561,1000,2,372.59"
"1705,562,473,3,863.97"
"1706,562,561,1,529.44"
"1707,562,529,3,872.67"
"1708,562,887,1,829.85"
"1709,562,194,3,908.25"
"1710,563,191,1,564.72"
"1711,564,279,3,681.38"
"1712,564,93,3,93.18"
"1713,564,429,3,215.47"
"1714,564,759,1,586.75"
"1715,564,218,1,972.42"
"1716,565,412,1,570.65"
"1717,565,178,1,679.48"
"1718,565,354,2,656.92"
"1719,565,506,2,633.94"
"1720,565,193,3,837.37"
"1721,566,138,1,679.39"
"1722,566,357,3,873.54"
"1723,566,483,3,901.18"
"1724,566,711,3,926.6"
"1725,567,579,1,561.98"
"1726,568,524,1,632.51"
"1727,568,253,3,575.5"
"1728,568,69,2,253.55"
"1729,568,768,3,647.96"
"1730,568,859,3,708.66"
"1731,569,913,1,766.44"
"1732,569,319,3,48.32"
"1733,569,950,1,541.86"
"1734,569,491,2,424.0"
"1735,570,291,2,492.05"
"1736,571,234,3,27.16"
"1737,571,87,2,836.67"
"1738,571,257,1,182.9"
"1739,572,977,3,762.15"
"1740,573,471,3,862.71"
"1741,573,673,1,28.95"
"1742,573,819,3,703.96"
"1743,574,570,2,100.72"
"1744,574,117,3,939.74"
"1745,574,96,1,948.96"
"1746,575,724,3,248.64"
"1747,575,245,1,675.32"
"1748,576,919,2,631.51"
"1749,576,974,1,462.45"
"1750,576,631,2,537.82"
"1751,577,149,3,695.15"
"1752,577,566,2,525.67"
"1753,577,108,3,986.26"
"1754,577,78,1,271.65"
"1755,578,984,3,796.87"
"1756,578,476,3,461.14"
"1757,578,702,1,133.62"
"1758,578,232,3,593.38"
"1759,578,893,3,425.01"
"1760,579,664,3,953.26"
"1761,579,147,1,691.39"
"1762,579,245,1,675.32"
"1763,579,471,3,862.71"
"1764,579,423,3,183.85"
"1765,580,309,3,41.11"
"1766,580,252,3,21.8"
"1767,580,789,3,946.53"
"1768,581,663,1,200.94"
"1769,581,711,1,926.6"
"1770,582,64,1,422.24"
"1771,582,403,3,464.04"
"1772,583,552,2,988.74"
"1773,583,682,2,527.31"
"1774,583,474,3,759.19"
"1775,583,68,1,919.05"
"1776,584,277,3,389.64"
"1777,584,256,3,443.7"
"1778,585,742,3,764.93"
"1779,585,489,1,681.28"
"1780,586,552,2,988.74"
"1781,586,421,1,797.93"
"1782,586,300,2,955.1"
"1783,586,297,1,474.1"
"1784,587,11,1,701.51"
"1785,588,405,2,545.55"
"1786,589,398,1,572.02"
"1787,589,554,2,356.48"
"1788,589,869,1,336.14"
"1789,590,966,3,423.25"
"1790,590,85,3,902.76"
"1791,590,236,1,365.28"
"1792,590,19,2,370.5"
"1793,591,271,2,356.83"
"1794,591,284,2,16.43"
"1795,592,484,1,386.59"
"1796,592,103,3,952.76"
"1797,593,3,1,207.19"
"1798,593,388,1,505.09"
"1799,593,139,3,463.28"
"1800,593,691,2,714.92"
"1801,593,856,1,305.36"
"1802,594,13,3,179.17"
"1803,594,366,3,805.17"
"1804,594,851,2,885.66"
"1805,595,82,1,275.15"
"1806,596,600,2,953.38"
"1807,596,529,3,872.67"
"1808,597,316,3,259.83"
"1809,597,434,2,552.79"
"1810,597,187,1,974.34"
"1811,598,111,2,779.87"
"1812,598,969,1,157.24"
"1813,598,839,3,994.17"
"1814,599,993,1,880.3"
"1815,600,601,1,763.43"
"1816,600,71,2,463.55"
"1817,600,42,1,749.09"
"1818,600,647,3,845.18"
"1819,601,756,3,688.03"
"1820,601,557,3,498.05"
"1821,602,222,1,358.56"
"1822,602,217,1,300.05"
"1823,602,645,3,277.44"
"1824,602,210,3,723.11"
"1825,602,549,3,652.75"
"1826,603,894,2,993.66"
"1827,604,345,2,684.89"
"1828,604,208,2,623.12"
"1829,604,314,1,418.48"
"1830,604,786,1,256.67"
"1831,605,875,1,457.17"
"1832,605,919,3,631.51"
"1833,605,637,3,386.45"
"1834,605,902,3,729.43"
"1835,606,269,1,816.08"
"1836,606,923,1,487.66"
"1837,606,232,3,593.38"
"1838,606,898,1,11.6"
"1839,607,284,1,16.43"
"1840,607,575,3,121.5"
"1841,607,495,2,350.85"
"1842,607,597,3,174.29"
"1843,608,43,1,917.09"
"1844,608,572,1,792.88"
"1845,608,694,2,426.26"
"1846,608,431,1,553.96"
"1847,608,714,2,989.55"
"1848,609,796,2,19.53"
"1849,610,833,1,365.22"
"1850,610,655,2,154.35"
"1851,610,369,1,508.67"
"1852,610,552,2,988.74"
"1853,611,727,1,452.88"
"1854,611,72,3,105.44"
"1855,611,139,2,463.28"
"1856,612,688,1,234.4"
"1857,612,239,1,944.79"
"1858,612,130,1,709.37"
"1859,613,34,1,858.09"
"1860,613,355,3,655.35"
"1861,613,480,2,734.92"
"1862,613,913,1,766.44"
"1863,613,31,3,839.23"
"1864,614,803,3,219.98"
"1865,614,2,2,331.11"
"1866,614,388,2,505.09"
"1867,614,219,1,301.18"
"1868,615,962,2,390.4"
"1869,615,79,3,216.31"
"1870,615,586,2,770.32"
"1871,616,697,3,979.41"
"1872,617,613,2,781.86"
"1873,618,534,2,389.71"
"1874,619,768,2,647.96"
"1875,619,140,3,57.08"
"1876,619,708,1,64.34"
"1877,620,589,1,764.07"
"1878,620,310,3,590.61"
"1879,621,600,1,953.38"
"1880,622,699,3,877.24"
"1881,622,836,1,689.3"
"1882,622,714,2,989.55"
"1883,622,679,3,721.83"
"1884,622,238,3,191.73"
"1885,623,835,1,835.5"
"1886,624,12,1,556.86"
"1887,624,516,1,802.5"
"1888,624,869,3,336.14"
"1889,625,1000,3,372.59"
"1890,625,939,3,865.38"
"1891,625,559,3,113.57"
"1892,625,834,2,377.26"
"1893,626,165,1,153.78"
"1894,626,617,2,968.21"
"1895,626,238,2,191.73"
"1896,626,520,1,641.31"
"1897,627,893,3,425.01"
"1898,627,4,3,568.08"
"1899,627,789,2,946.53"
"1900,627,602,3,108.43"
"1901,628,36,3,772.57"
"1902,628,253,2,575.5"
"1903,628,731,2,966.55"
"1904,628,224,3,601.66"
"1905,629,755,2,171.39"
"1906,629,623,1,405.88"
"1907,629,805,3,221.09"
"1908,629,495,2,350.85"
"1909,629,903,1,676.04"
"1910,630,517,1,844.75"
"1911,630,670,1,842.16"
"1912,630,841,1,172.45"
"1913,631,255,3,185.55"
"1914,631,632,1,615.03"
"1915,632,178,1,679.48"
"1916,632,308,2,653.08"
"1917,632,804,1,660.0"
"1918,632,170,3,678.4"
"1919,632,177,2,407.5"
"1920,633,362,3,394.41"
"1921,633,470,3,732.42"
"1922,633,373,3,577.73"
"1923,634,596,3,497.19"
"1924,634,343,1,747.47"
"1925,635,931,3,775.1"
"1926,635,580,1,337.37"
"1927,635,389,2,752.83"
"1928,635,162,1,182.86"
"1929,636,141,2,399.62"
"1930,636,712,1,489.02"
"1931,637,775,1,699.0"
"1932,637,890,3,844.29"
"1933,638,903,2,676.04"
"1934,639,932,3,642.7"
"1935,640,939,3,865.38"
"1936,640,309,3,41.11"
"1937,641,490,2,375.31"
"1938,641,434,3,552.79"
"1939,641,730,2,827.35"
"1940,642,628,1,847.74"
"1941,643,876,3,219.42"
"1942,643,212,1,73.49"
"1943,643,705,3,218.47"
"1944,644,827,1,424.06"
"1945,644,355,2,655.35"
"1946,644,594,1,919.24"
"1947,644,751,2,595.29"
"1948,645,310,1,590.61"
"1949,646,564,1,950.75"
"1950,647,676,3,943.4"
"1951,648,98,2,803.6"
"1952,648,880,3,12.21"
"1953,648,497,2,740.49"
"1954,649,732,3,682.74"
"1955,649,84,1,28.75"
"1956,649,407,1,821.93"
"1957,649,510,2,155.53"
"1958,650,993,1,880.3"
"1959,650,877,1,47.66"
"1960,650,87,1,836.67"
"1961,650,953,1,608.88"
"1962,650,307,3,829.11"
"1963,651,205,3,470.51"
"1964,652,984,2,796.87"
"1965,652,809,3,101.31"
"1966,653,357,3,873.54"
"1967,654,494,3,650.14"
"1968,654,116,3,918.22"
"1969,655,522,3,455.09"
"1970,655,668,2,440.46"
"1971,655,194,2,908.25"
"1972,655,824,2,490.52"
"1973,655,128,1,777.97"
"1974,656,425,1,418.93"
"1975,656,829,2,439.68"
"1976,656,951,3,241.44"
"1977,657,242,2,417.17"
"1978,657,461,3,656.36"
"1979,657,959,2,367.13"
"1980,657,683,3,825.92"
"1981,658,54,1,182.11"
"1982,658,40,3,266.35"
"1983,659,115,3,959.56"
"1984,659,495,3,350.85"
"1985,660,915,2,286.46"
"1986,660,76,3,990.99"
"1987,660,583,1,433.98"
"1988,661,808,3,160.24"
"1989,661,186,2,490.66"
"1990,661,511,3,212.91"
"1991,662,753,2,794.21"
"1992,662,875,3,457.17"
"1993,663,399,1,855.68"
"1994,663,580,2,337.37"
