"payment_id,order_id,payment_method_id,amount,payment_status,payment_date"
"1,1,1,1325.89,Pending,2024-08-22 05:10:14"
"2,2,2,4524.38,Pending,2024-08-15 16:24:46"
"3,3,1,4488.03,Completed,2024-06-23 13:16:16"
"4,4,2,1121.82,Completed,2024-08-24 02:55:13"
"5,5,1,1667.07,Failed,2024-05-21 23:17:11"
"6,6,4,1399.02,Pending,2024-03-31 21:37:50"
"7,7,4,1706.61,Pending,2024-01-12 06:44:09"
"8,8,3,465.2,Failed,2024-06-10 05:51:43"
"9,9,2,2008.71,Pending,2024-08-12 11:54:07"
"10,10,4,1047.05,Completed,2024-02-05 20:33:40"
"11,11,3,1985.6,Failed,2024-05-18 09:26:51"
"12,12,2,617.31,Pending,2024-05-15 03:57:41"
"13,13,4,1933.95,Pending,2024-01-10 07:28:18"
"14,14,5,217.8,Completed,2024-04-02 04:06:27"
"15,15,3,4021.81,Pending,2024-06-02 13:57:44"
"16,16,2,3113.41,Pending,2024-01-04 00:14:40"
"17,17,4,4064.77,Pending,2024-01-25 06:29:13"
"18,18,2,454.09,Pending,2024-07-21 23:18:26"
"19,19,2,3777.29,Completed,2024-03-31 13:06:33"
"20,20,5,903.47,Failed,2024-01-22 11:35:57"
"21,21,2,2592.96,Completed,2024-02-08 02:40:37"
"22,22,1,2338.1,Pending,2024-03-14 03:45:46"
"23,23,3,4297.97,Completed,2024-06-28 19:24:16"
"24,24,4,1092.41,Pending,2024-06-07 13:24:59"
"25,25,1,1944.83,Completed,2024-08-29 13:11:51"
"26,26,4,4256.91,Failed,2024-06-14 12:22:50"
"27,27,4,2300.35,Failed,2024-02-01 03:15:43"
"28,28,1,2267.63,Pending,2024-08-16 08:57:17"
"29,29,4,119.04,Failed,2024-08-13 15:25:27"
"30,30,5,2629.3,Completed,2024-08-07 21:12:00"
"31,31,2,4162.53,Failed,2024-10-04 03:12:25"
"32,32,3,2663.9,Completed,2024-08-03 22:23:30"
"33,33,3,1062.54,Failed,2024-04-09 20:20:16"
"34,34,1,2153.72,Failed,2024-09-03 02:45:14"
"35,35,2,4297.59,Failed,2024-08-08 15:34:06"
"36,36,3,2902.16,Failed,2024-09-06 12:36:38"
"37,37,2,2093.11,Failed,2024-08-18 06:49:23"
"38,38,3,2417.2,Pending,2024-01-31 16:32:37"
"39,39,1,3055.55,Completed,2024-05-27 02:56:15"
"40,40,1,2721.79,Pending,2024-01-24 06:25:51"
"41,41,5,1034.04,Pending,2024-01-14 17:42:05"
"42,42,2,3395.67,Pending,2024-03-26 14:01:59"
"43,43,3,4458.19,Completed,2024-06-29 06:43:09"
"44,44,3,4726.0,Failed,2024-04-23 14:52:08"
"45,45,2,2187.19,Pending,2024-04-26 05:05:27"
"46,46,2,3761.23,Pending,2024-03-20 00:45:45"
"47,47,4,3116.37,Completed,2024-02-18 22:23:13"
"48,48,1,4027.36,Pending,2024-09-14 09:37:29"
"49,49,3,3572.51,Pending,2024-05-29 03:07:47"
"50,50,2,4416.22,Pending,2024-09-23 02:29:29"
"51,51,1,3581.91,Pending,2024-05-29 13:03:22"
"52,52,2,1578.1,Completed,2024-01-12 22:43:03"
"53,53,4,1798.33,Pending,2024-02-16 23:52:30"
"54,54,1,2349.37,Completed,2024-03-20 19:43:41"
"55,55,3,3043.34,Completed,2024-02-18 13:50:03"
"56,56,3,4321.15,Failed,2024-01-31 01:21:37"
"57,57,5,2136.87,Pending,2024-09-15 14:04:03"
"58,58,2,2228.4,Pending,2024-05-30 09:03:01"
"59,59,3,4768.9,Completed,2024-02-09 21:48:02"
"60,60,5,4402.61,Failed,2024-08-19 21:03:35"
"61,61,2,1593.26,Failed,2024-03-02 23:49:18"
"62,62,1,3411.14,Pending,2024-08-18 23:39:01"
"63,63,2,4914.78,Failed,2024-04-03 12:04:02"
"64,64,3,1693.28,Completed,2024-02-16 03:47:03"
"65,65,3,93.26,Completed,2024-02-02 13:18:49"
"66,66,3,2733.42,Completed,2024-09-23 01:41:42"
"67,67,3,3829.47,Pending,2024-08-20 11:37:48"
"68,68,4,2727.35,Failed,2024-03-14 02:49:59"
"69,69,3,4690.51,Pending,2024-07-27 14:42:56"
"70,70,1,2105.98,Pending,2024-04-19 19:02:17"
"71,71,4,1718.3,Pending,2024-03-18 03:36:04"
"72,72,2,2215.3,Failed,2024-05-11 05:47:24"
"73,73,5,1745.67,Failed,2024-08-13 08:45:33"
"74,74,3,4977.66,Completed,2024-06-16 19:58:20"
"75,75,5,605.66,Failed,2024-07-17 00:10:34"
"76,76,3,2432.66,Failed,2024-09-09 14:34:15"
"77,77,4,4811.71,Completed,2024-05-25 05:20:58"
"78,78,3,2302.04,Failed,2024-08-10 06:54:22"
"79,79,5,1605.14,Completed,2024-01-21 16:04:45"
"80,80,4,566.51,Failed,2024-04-17 22:48:11"
"81,81,1,4588.75,Completed,2024-07-18 18:21:05"
"82,82,3,4937.66,Completed,2024-05-27 02:32:13"
"83,83,5,3159.17,Failed,2024-09-03 05:39:33"
"84,84,1,589.59,Pending,2024-09-29 09:38:47"
"85,85,4,1512.64,Failed,2024-05-19 08:57:36"
"86,86,2,1264.69,Pending,2024-01-20 23:39:55"
"87,87,5,4905.4,Completed,2024-06-21 22:02:43"
"88,88,3,2946.09,Pending,2024-04-02 19:26:00"
"89,89,3,2820.15,Failed,2024-07-21 19:01:15"
"90,90,4,3666.66,Pending,2024-07-18 18:49:46"
"91,91,5,3307.24,Completed,2024-03-25 08:06:54"
"92,92,2,748.32,Completed,2024-01-04 06:34:37"
"93,93,2,2088.35,Failed,2024-03-15 05:07:58"
"94,94,3,3270.59,Failed,2024-08-30 05:34:04"
"95,95,3,1678.93,Completed,2024-06-19 05:50:59"
"96,96,4,3037.58,Failed,2024-02-18 12:44:14"
"97,97,3,2740.27,Completed,2024-05-23 21:56:39"
"98,98,1,3203.32,Failed,2024-09-29 17:24:07"
"99,99,3,1537.68,Completed,2024-04-05 00:32:29"
"100,100,3,4472.17,Failed,2024-03-11 12:08:46"
"101,101,2,4111.82,Pending,2024-02-18 12:01:44"
"102,102,2,4395.98,Failed,2024-01-12 08:53:27"
"103,103,1,4042.41,Pending,2024-02-29 11:55:57"
"104,104,5,3588.64,Pending,2024-02-06 17:33:57"
"105,105,3,2221.33,Completed,2024-06-06 20:19:16"
"106,106,1,3127.28,Failed,2024-02-25 09:53:58"
"107,107,2,3561.36,Completed,2024-03-13 23:13:39"
"108,108,2,3033.57,Pending,2024-08-09 21:05:00"
"109,109,1,1577.95,Pending,2024-09-16 21:32:45"
"110,110,4,679.41,Failed,2024-06-01 22:28:27"
"111,111,4,2143.05,Failed,2024-05-13 17:26:43"
"112,112,2,4367.51,Pending,2024-01-25 23:08:59"
"113,113,4,2039.81,Pending,2024-04-04 07:11:32"
"114,114,4,4961.33,Pending,2024-02-25 04:20:48"
"115,115,4,4519.08,Completed,2024-06-30 09:44:41"
"116,116,1,464.86,Failed,2024-09-30 02:59:17"
"117,117,2,4698.36,Completed,2024-05-17 17:24:10"
"118,118,4,688.28,Failed,2024-01-14 09:06:25"
"119,119,5,405.66,Completed,2024-08-20 17:16:30"
"120,120,3,3756.34,Completed,2024-05-02 10:34:20"
"121,121,3,4963.36,Pending,2024-04-23 21:36:17"
"122,122,4,2670.48,Failed,2024-05-24 02:53:34"
"123,123,2,2821.47,Failed,2024-02-14 13:19:32"
"124,124,4,1681.95,Completed,2024-01-09 03:09:57"
"125,125,5,3148.37,Completed,2024-02-19 11:06:10"
"126,126,2,2829.83,Completed,2024-05-21 03:59:05"
"127,127,4,2553.37,Failed,2024-01-27 13:56:16"
"128,128,1,4366.1,Pending,2024-09-08 09:40:21"
"129,129,1,4366.04,Pending,2024-03-22 09:03:21"
"130,130,3,3203.2,Completed,2024-05-30 08:49:50"
"131,131,5,4006.18,Completed,2024-04-04 07:42:21"
"132,132,4,2373.45,Failed,2024-04-16 10:19:33"
"133,133,2,4335.83,Pending,2024-09-18 01:26:05"
"134,134,5,689.43,Completed,2024-03-01 03:34:14"
"135,135,4,544.0,Pending,2024-04-10 07:59:05"
"136,136,5,4805.77,Failed,2024-06-20 09:56:27"
"137,137,1,2164.2,Pending,2024-09-26 08:28:22"
"138,138,2,3242.57,Pending,2024-01-03 02:14:46"
"139,139,5,3729.08,Completed,2024-01-26 03:27:16"
"140,140,3,4040.82,Completed,2024-02-11 17:36:04"
"141,141,3,1572.96,Pending,2024-03-18 05:05:46"
"142,142,5,2985.58,Completed,2024-07-19 17:31:42"
"143,143,5,4168.62,Completed,2024-03-20 10:50:06"
"144,144,1,4542.09,Completed,2024-02-03 19:26:12"
"145,145,4,1706.99,Completed,2024-09-29 13:17:30"
"146,146,4,2578.53,Failed,2024-07-04 00:08:33"
"147,147,1,155.1,Pending,2024-06-10 01:48:54"
"148,148,1,116.33,Completed,2024-02-01 11:55:57"
"149,149,3,3602.01,Failed,2024-02-23 04:10:48"
"150,150,3,4745.2,Completed,2024-06-27 15:51:58"
"151,151,5,99.77,Pending,2024-06-01 20:32:28"
"152,152,2,65.89,Pending,2024-03-04 13:50:50"
"153,153,3,1257.29,Failed,2024-07-17 20:56:44"
"154,154,3,1867.9,Completed,2024-01-05 06:24:59"
"155,155,3,4932.57,Failed,2024-04-11 07:47:59"
"156,156,3,1430.17,Completed,2024-07-02 11:11:58"
"157,157,4,3235.51,Failed,2024-06-06 10:52:56"
"158,158,2,661.62,Pending,2024-06-29 19:32:30"
"159,159,2,1818.37,Failed,2024-04-23 04:14:56"
"160,160,4,3065.09,Completed,2024-02-22 21:11:21"
"161,161,3,1289.25,Pending,2024-01-31 18:17:28"
"162,162,2,1942.8,Pending,2024-07-01 12:15:30"
"163,163,4,1079.32,Pending,2024-02-07 07:21:43"
"164,164,1,938.42,Pending,2024-04-24 05:41:22"
"165,165,3,4329.29,Pending,2024-07-13 14:01:35"
"166,166,4,1081.73,Completed,2024-08-02 03:38:40"
"167,167,2,4432.62,Failed,2024-01-03 16:04:31"
"168,168,3,2854.49,Failed,2024-03-11 14:11:02"
"169,169,3,1217.71,Completed,2024-07-13 11:45:51"
"170,170,4,1445.32,Completed,2024-02-01 11:12:32"
"171,171,1,920.47,Completed,2024-08-16 05:33:42"
"172,172,1,3461.03,Failed,2024-09-17 13:50:48"
"173,173,3,4723.41,Pending,2024-09-21 23:58:53"
"174,174,3,1986.65,Completed,2024-04-13 08:51:27"
"175,175,1,2461.94,Pending,2024-06-29 20:39:05"
"176,176,2,3324.36,Failed,2024-08-25 05:22:45"
"177,177,3,4946.14,Completed,2024-04-06 08:11:36"
"178,178,5,4032.34,Failed,2024-05-24 12:44:02"
"179,179,4,1289.35,Completed,2024-08-13 12:38:46"
"180,180,1,2999.51,Failed,2024-02-11 12:15:35"
"181,181,2,3391.73,Failed,2024-07-31 07:50:10"
"182,182,4,861.32,Failed,2024-02-09 11:49:59"
"183,183,3,1910.95,Completed,2024-03-22 22:23:43"
"184,184,3,1192.88,Completed,2024-01-26 13:17:07"
"185,185,5,2860.59,Pending,2024-03-08 08:53:55"
"186,186,4,338.95,Failed,2024-04-24 21:28:28"
"187,187,4,1048.87,Failed,2024-02-16 03:59:06"
"188,188,5,4625.14,Failed,2024-02-01 07:24:00"
"189,189,4,3116.79,Pending,2024-05-07 09:36:14"
"190,190,2,1151.54,Failed,2024-04-30 12:54:45"
"191,191,5,3601.3,Pending,2024-01-07 04:48:27"
"192,192,4,3561.91,Completed,2024-05-29 16:50:01"
"193,193,4,1299.63,Completed,2024-09-19 05:50:25"
"194,194,2,3825.0,Pending,2024-06-25 12:20:41"
"195,195,4,209.09,Completed,2024-04-04 17:24:02"
"196,196,2,3966.35,Failed,2024-04-24 18:26:39"
"197,197,2,3399.63,Pending,2024-08-18 07:47:05"
"198,198,1,1837.43,Failed,2024-01-29 06:42:18"
"199,199,2,3295.11,Pending,2024-02-25 01:47:20"
"200,200,3,1276.04,Pending,2024-08-27 12:29:41"
"201,201,2,3904.88,Failed,2024-05-14 00:01:15"
"202,202,5,4964.28,Failed,2024-03-10 17:54:53"
"203,203,1,1746.48,Completed,2024-06-20 10:17:21"
"204,204,4,3432.28,Pending,2024-03-16 20:53:12"
"205,205,4,3359.53,Completed,2024-06-30 20:20:49"
"206,206,2,3681.98,Completed,2024-09-29 18:40:26"
"207,207,2,1522.95,Completed,2024-09-06 22:03:29"
"208,208,1,1125.74,Pending,2024-02-03 09:12:02"
"209,209,3,4509.55,Completed,2024-01-06 02:46:07"
"210,210,4,1512.19,Failed,2024-08-20 06:37:58"
"211,211,3,2459.54,Pending,2024-02-04 11:32:10"
"212,212,4,867.7,Pending,2024-02-21 07:18:32"
"213,213,2,2569.13,Pending,2024-09-07 13:10:51"
"214,214,4,2883.44,Completed,2024-03-25 10:48:19"
"215,215,2,3952.06,Completed,2024-08-22 11:11:46"
"216,216,4,649.08,Failed,2024-03-02 00:39:34"
"217,217,4,2993.29,Pending,2024-03-25 18:34:05"
"218,218,5,675.34,Failed,2024-06-04 02:09:58"
"219,219,3,4754.89,Pending,2024-05-10 13:06:10"
"220,220,3,1098.91,Failed,2024-06-09 02:07:15"
"221,221,1,1799.84,Pending,2024-01-19 08:22:33"
"222,222,2,1491.0,Completed,2024-01-02 13:24:52"
"223,223,4,2490.84,Pending,2024-07-01 07:25:01"
"224,224,5,2338.79,Completed,2024-02-02 14:05:38"
"225,225,5,4188.06,Completed,2024-09-26 13:31:05"
"226,226,3,3921.95,Pending,2024-06-23 08:06:09"
"227,227,3,3937.31,Pending,2024-06-30 16:07:55"
"228,228,1,1191.62,Failed,2024-02-24 14:17:18"
"229,229,3,2022.09,Pending,2024-01-10 18:47:16"
"230,230,5,1098.59,Pending,2024-09-23 19:22:58"
"231,231,1,3780.03,Completed,2024-06-13 14:59:08"
"232,232,4,2482.53,Failed,2024-10-02 03:39:12"
"233,233,1,2095.37,Pending,2024-09-07 18:42:18"
"234,234,3,3007.49,Completed,2024-03-14 03:08:31"
"235,235,3,1010.47,Completed,2024-08-03 08:32:33"
"236,236,4,2141.81,Failed,2024-08-23 20:25:53"
"237,237,1,2896.53,Pending,2024-02-18 19:06:52"
"238,238,3,3541.08,Failed,2024-03-14 15:17:00"
"239,239,5,733.92,Failed,2024-02-01 05:41:05"
"240,240,1,3159.53,Pending,2024-03-16 13:54:11"
"241,241,5,1738.8,Failed,2024-05-03 16:48:22"
"242,242,5,1326.48,Pending,2024-03-05 11:50:09"
"243,243,2,980.04,Pending,2024-03-15 12:53:41"
"244,244,2,4238.44,Pending,2024-06-09 03:15:45"
"245,245,2,2301.88,Failed,2024-02-09 00:46:07"
"246,246,3,1247.7,Completed,2024-01-09 11:31:57"
"247,247,2,2230.95,Completed,2024-08-09 05:36:48"
"248,248,1,1923.29,Pending,2024-08-30 14:28:20"
"249,249,3,4151.32,Pending,2024-03-30 22:38:52"
"250,250,4,3881.06,Failed,2024-05-02 00:38:30"
"251,251,5,2205.43,Pending,2024-08-04 03:01:04"
"252,252,1,3368.22,Failed,2024-08-09 13:53:34"
"253,253,4,2088.02,Pending,2024-07-02 05:20:27"
"254,254,5,2839.65,Pending,2024-07-13 05:03:50"
"255,255,5,285.93,Completed,2024-06-11 05:11:06"
"256,256,2,1231.96,Failed,2024-05-19 07:34:07"
"257,257,5,2585.66,Failed,2024-01-18 20:13:38"
"258,258,5,1294.06,Failed,2024-08-04 06:27:52"
"259,259,2,3294.26,Failed,2024-08-14 19:59:55"
"260,260,4,2355.36,Completed,2024-02-18 10:02:03"
"261,261,1,4568.79,Completed,2024-01-01 00:30:12"
"262,262,3,2196.38,Completed,2024-01-10 09:19:38"
"263,263,2,3634.3,Pending,2024-03-04 17:26:29"
"264,264,5,2115.92,Completed,2024-06-25 06:16:56"
"265,265,5,2566.17,Pending,2024-06-02 17:21:32"
"266,266,5,998.41,Pending,2024-01-30 07:50:32"
"267,267,4,4674.16,Pending,2024-07-11 21:35:24"
"268,268,4,472.26,Failed,2024-01-24 13:45:22"
"269,269,1,2495.35,Completed,2024-04-30 15:24:20"
"270,270,1,2095.43,Failed,2024-09-26 19:07:33"
"271,271,5,3549.49,Pending,2024-05-21 05:49:34"
"272,272,4,1646.0,Failed,2024-04-09 19:01:58"
"273,273,5,3747.91,Failed,2024-02-29 19:02:55"
"274,274,1,1571.29,Pending,2024-07-14 06:24:39"
"275,275,5,530.98,Failed,2024-03-14 23:47:29"
"276,276,4,3998.24,Completed,2024-01-11 01:35:40"
"277,277,1,287.51,Completed,2024-09-15 20:21:10"
"278,278,4,2879.46,Completed,2024-07-24 13:15:23"
"279,279,3,3125.29,Failed,2024-08-31 21:07:03"
"280,280,3,1440.73,Pending,2024-07-17 05:39:03"
"281,281,5,738.2,Failed,2024-09-30 14:14:55"
"282,282,4,3223.84,Pending,2024-04-25 19:12:11"
"283,283,5,1181.0,Pending,2024-09-03 12:47:48"
"284,284,4,429.93,Failed,2024-08-27 20:00:50"
"285,285,4,2364.31,Completed,2024-04-24 20:40:18"
"286,286,2,4532.37,Pending,2024-09-28 09:10:14"
"287,287,2,3630.78,Failed,2024-02-23 12:21:55"
"288,288,3,1758.92,Failed,2024-09-09 19:55:04"
"289,289,2,973.3,Pending,2024-03-09 05:27:12"
"290,290,3,3545.77,Pending,2024-04-02 19:52:03"
"291,291,5,26.13,Failed,2024-07-28 15:36:21"
"292,292,3,1951.97,Completed,2024-04-01 10:00:27"
"293,293,1,1079.7,Failed,2024-05-09 05:09:33"
"294,294,2,721.57,Pending,2024-06-12 07:25:57"
"295,295,4,4107.42,Completed,2024-08-11 22:39:04"
"296,296,1,3209.91,Completed,2024-01-12 11:12:58"
"297,297,5,4732.02,Completed,2024-02-14 11:13:32"
"298,298,2,4314.87,Pending,2024-04-13 04:17:55"
"299,299,3,4710.21,Pending,2024-04-04 08:06:00"
"300,300,5,3232.18,Pending,2024-02-17 08:03:50"
"301,301,2,1933.25,Failed,2024-05-16 02:04:59"
"302,302,4,4497.58,Completed,2024-03-25 14:30:43"
"303,303,5,3220.34,Completed,2024-08-27 17:17:19"
"304,304,2,4538.98,Pending,2024-09-04 18:01:27"
"305,305,4,4938.89,Pending,2024-04-30 20:25:10"
"306,306,4,2562.3,Failed,2024-07-22 09:25:16"
"307,307,5,747.85,Completed,2024-06-26 07:26:46"
"308,308,3,3329.7,Failed,2024-04-22 05:27:58"
"309,309,4,3606.87,Failed,2024-06-06 11:23:09"
"310,310,1,1744.92,Failed,2024-05-24 06:32:09"
"311,311,2,1886.02,Completed,2024-08-09 03:45:15"
"312,312,1,4618.3,Failed,2024-07-17 08:42:11"
"313,313,2,2115.18,Completed,2024-05-24 10:02:08"
"314,314,5,4266.57,Pending,2024-04-10 18:47:05"
"315,315,5,3179.57,Completed,2024-05-17 07:02:23"
"316,316,4,3324.18,Pending,2024-01-23 06:39:20"
"317,317,1,2056.8,Completed,2024-03-16 23:53:18"
"318,318,4,4018.75,Pending,2024-09-10 14:18:24"
"319,319,5,999.33,Failed,2024-09-25 13:07:45"
"320,320,5,3138.24,Failed,2024-03-25 06:25:18"
"321,321,2,3733.14,Failed,2024-03-07 20:57:12"
"322,322,3,2675.37,Completed,2024-02-15 07:00:39"
"323,323,1,66.71,Completed,2024-02-14 00:52:26"
"324,324,4,894.01,Failed,2024-08-16 11:32:34"
"325,325,1,1397.26,Pending,2024-05-05 06:36:03"
"326,326,4,183.55,Pending,2024-09-23 11:00:02"
"327,327,3,4217.77,Failed,2024-07-17 13:47:29"
"328,328,3,4697.19,Pending,2024-08-18 23:43:56"
"329,329,4,4536.67,Completed,2024-05-09 11:10:53"
"330,330,4,3164.39,Pending,2024-04-10 05:18:31"
"331,331,4,3888.55,Pending,2024-06-02 03:53:17"
"332,332,2,4920.3,Completed,2024-02-09 04:20:19"
"333,333,4,1855.49,Completed,2024-06-27 06:00:02"
"334,334,4,3784.63,Pending,2024-07-04 01:25:50"
"335,335,2,3054.88,Failed,2024-02-07 03:29:42"
"336,336,2,2994.39,Completed,2024-07-15 03:46:46"
"337,337,5,2896.56,Completed,2024-02-19 17:08:48"
"338,338,4,1700.27,Completed,2024-05-14 03:00:46"
"339,339,4,3858.91,Failed,2024-03-11 23:24:59"
"340,340,3,347.7,Failed,2024-06-12 20:56:36"
"341,341,2,4373.8,Failed,2024-09-09 14:47:58"
"342,342,3,3494.69,Completed,2024-08-13 16:11:36"
"343,343,2,2411.18,Pending,2024-01-30 21:11:08"
"344,344,3,3539.47,Completed,2024-04-21 00:39:03"
"345,345,1,1046.97,Completed,2024-06-10 03:40:33"
"346,346,2,1346.87,Completed,2024-04-02 02:49:29"
"347,347,2,2974.43,Completed,2024-08-17 01:38:50"
"348,348,5,4871.89,Pending,2024-02-02 16:30:33"
"349,349,5,1105.8,Failed,2024-03-18 21:45:40"
"350,350,5,1234.15,Completed,2024-08-15 18:06:29"
"351,351,5,981.47,Failed,2024-07-13 17:01:03"
"352,352,2,439.96,Pending,2024-02-18 19:05:56"
"353,353,5,182.03,Failed,2024-04-28 10:26:52"
"354,354,4,193.2,Pending,2024-09-20 06:56:52"
"355,355,5,1422.82,Completed,2024-05-30 13:55:50"
"356,356,5,4111.68,Failed,2024-01-29 11:56:58"
"357,357,2,3941.01,Failed,2024-04-28 20:28:18"
"358,358,1,3761.22,Failed,2024-05-15 08:31:26"
"359,359,3,3901.19,Pending,2024-04-09 04:34:12"
"360,360,2,3257.88,Pending,2024-02-14 19:55:37"
"361,361,5,4881.86,Pending,2024-02-12 07:36:19"
"362,362,4,1719.8,Completed,2024-06-20 03:07:11"
"363,363,3,350.43,Pending,2024-09-04 04:25:14"
"364,364,3,3845.85,Failed,2024-07-14 14:58:27"
"365,365,3,3952.31,Pending,2024-09-06 03:34:06"
"366,366,4,3716.97,Pending,2024-09-06 01:30:38"
"367,367,1,3852.71,Failed,2024-03-25 12:26:38"
"368,368,4,3574.63,Failed,2024-04-10 08:07:33"
"369,369,4,3730.31,Failed,2024-02-05 17:53:43"
"370,370,5,68.55,Failed,2024-01-22 02:44:57"
"371,371,2,3228.58,Pending,2024-05-01 23:22:32"
"372,372,5,2728.56,Completed,2024-03-17 03:38:37"
"373,373,5,1680.07,Completed,2024-07-09 17:20:29"
"374,374,1,770.33,Completed,2024-10-01 07:39:11"
"375,375,3,2651.25,Pending,2024-06-02 20:58:45"
"376,376,4,1553.62,Pending,2024-04-24 15:39:11"
"377,377,1,2448.11,Completed,2024-01-29 12:38:10"
"378,378,2,2257.73,Pending,2024-02-23 19:35:22"
"379,379,5,665.76,Completed,2024-08-26 12:11:14"
"380,380,1,1129.15,Completed,2024-03-16 13:37:12"
"381,381,4,1521.55,Completed,2024-01-19 01:05:41"
"382,382,4,878.46,Completed,2024-06-10 12:32:32"
"383,383,5,3234.86,Completed,2024-03-08 13:01:08"
"384,384,1,2034.34,Pending,2024-02-14 08:22:51"
"385,385,1,2107.48,Pending,2024-03-18 19:41:11"
"386,386,5,1447.1,Failed,2024-09-08 13:09:53"
"387,387,5,549.16,Failed,2024-01-18 07:26:35"
"388,388,2,2391.98,Pending,2024-09-12 18:42:47"
"389,389,5,2781.1,Pending,2024-05-15 11:38:35"
"390,390,3,3198.51,Pending,2024-08-25 21:24:42"
"391,391,3,2274.03,Completed,2024-06-03 13:23:42"
"392,392,2,1312.17,Failed,2024-06-29 13:19:47"
"393,393,4,4173.72,Pending,2024-09-19 23:37:53"
"394,394,3,726.69,Completed,2024-04-22 17:09:33"
"395,395,1,254.29,Failed,2024-04-28 11:14:45"
"396,396,4,3658.48,Completed,2024-09-04 04:01:26"
"397,397,3,4400.58,Pending,2024-02-09 16:22:21"
"398,398,3,2954.6,Pending,2024-04-30 09:39:40"
"399,399,1,2440.11,Pending,2024-09-05 14:12:29"
"400,400,5,4863.16,Failed,2024-06-06 00:07:52"
"401,401,2,1871.59,Completed,2024-08-15 12:39:04"
"402,402,4,4593.96,Completed,2024-04-30 06:24:48"
"403,403,5,4008.76,Completed,2024-06-22 22:48:11"
"404,404,3,26.14,Failed,2024-08-19 08:35:37"
"405,405,3,3948.37,Failed,2024-10-02 10:12:31"
"406,406,1,2003.54,Completed,2024-07-09 15:34:38"
"407,407,2,3141.12,Failed,2024-03-01 04:47:46"
"408,408,3,324.34,Pending,2024-07-06 13:53:28"
"409,409,1,684.73,Completed,2024-03-14 21:40:53"
"410,410,5,3329.1,Completed,2024-09-22 23:30:24"
"411,411,3,2619.18,Failed,2024-06-23 07:52:07"
"412,412,3,3437.77,Completed,2024-05-25 18:56:58"
"413,413,3,1419.84,Pending,2024-06-07 23:01:52"
"414,414,2,3312.93,Pending,2024-06-20 09:22:06"
"415,415,5,2003.09,Completed,2024-06-04 20:15:18"
"416,416,5,164.78,Completed,2024-04-01 14:03:45"
"417,417,1,3671.49,Failed,2024-03-16 15:15:27"
"418,418,3,3419.29,Failed,2024-05-26 05:11:27"
"419,419,1,3948.53,Failed,2024-04-28 20:44:37"
"420,420,5,1305.58,Completed,2024-06-14 09:57:33"
"421,421,4,4381.64,Failed,2024-09-25 08:13:33"
"422,422,5,2268.24,Failed,2024-06-19 08:14:58"
"423,423,3,3599.67,Completed,2024-09-22 02:22:29"
"424,424,4,4795.8,Failed,2024-02-17 00:08:04"
"425,425,4,3177.17,Failed,2024-02-15 15:24:46"
"426,426,4,1516.33,Pending,2024-01-20 22:08:28"
"427,427,1,1008.56,Completed,2024-03-19 17:59:50"
"428,428,2,1945.99,Failed,2024-05-28 20:08:57"
"429,429,5,852.49,Failed,2024-02-19 01:27:07"
"430,430,2,1256.15,Failed,2024-03-01 21:56:02"
"431,431,2,633.43,Completed,2024-04-22 14:42:01"
"432,432,5,3626.29,Completed,2024-06-29 00:30:46"
"433,433,1,4689.72,Completed,2024-06-29 23:39:33"
"434,434,4,2531.09,Completed,2024-03-04 00:37:29"
"435,435,2,3220.76,Pending,2024-07-16 08:28:59"
"436,436,2,1441.43,Pending,2024-03-21 20:34:51"
"437,437,4,3374.88,Pending,2024-05-13 02:38:28"
"438,438,3,1002.39,Failed,2024-05-14 11:06:11"
"439,439,1,4278.41,Failed,2024-03-10 07:28:26"
"440,440,5,2195.39,Pending,2024-09-19 10:01:27"
"441,441,5,2546.61,Completed,2024-09-19 05:52:50"
"442,442,4,4609.81,Failed,2024-04-23 03:34:54"
"443,443,2,3663.27,Completed,2024-04-09 10:51:49"
"444,444,1,3013.67,Failed,2024-08-03 09:04:29"
"445,445,4,3846.15,Completed,2024-05-03 10:03:41"
"446,446,4,3182.63,Failed,2024-03-11 22:28:37"
"447,447,4,4716.67,Pending,2024-09-27 00:39:21"
"448,448,4,4238.26,Failed,2024-03-20 12:43:10"
"449,449,5,2679.59,Completed,2024-04-18 19:16:23"
"450,450,2,3806.86,Failed,2024-08-29 22:06:56"
"451,451,5,2458.05,Failed,2024-06-23 00:16:52"
"452,452,2,2900.43,Failed,2024-05-14 09:37:10"
"453,453,3,3827.26,Failed,2024-09-03 20:34:56"
"454,454,2,2151.39,Pending,2024-03-26 11:15:51"
"455,455,4,2911.81,Pending,2024-08-25 16:12:52"
"456,456,5,2555.39,Completed,2024-05-12 09:14:51"
"457,457,4,948.48,Completed,2024-03-12 12:04:46"
"458,458,1,3868.25,Completed,2024-07-25 02:13:21"
"459,459,4,1201.16,Pending,2024-05-30 10:25:53"
"460,460,1,580.89,Failed,2024-02-28 05:12:22"
"461,461,1,2508.91,Pending,2024-09-29 05:20:24"
"462,462,5,4088.88,Failed,2024-03-27 12:11:35"
"463,463,4,1901.75,Completed,2024-06-23 14:53:04"
"464,464,1,3788.99,Pending,2024-07-17 21:04:28"
"465,465,3,3412.31,Completed,2024-05-16 01:42:56"
"466,466,4,3886.79,Pending,2024-01-20 13:41:00"
"467,467,2,2231.84,Failed,2024-01-03 22:46:43"
"468,468,3,3708.19,Pending,2024-09-13 19:32:53"
"469,469,4,2437.51,Completed,2024-06-15 08:21:00"
"470,470,4,3434.95,Completed,2024-07-20 17:25:44"
"471,471,3,2709.23,Completed,2024-02-03 19:32:42"
"472,472,4,3756.54,Failed,2024-04-17 14:16:22"
"473,473,3,1678.12,Pending,2024-06-07 17:42:51"
"474,474,2,566.78,Failed,2024-01-30 20:33:50"
"475,475,2,4398.85,Failed,2024-01-22 04:39:56"
"476,476,5,1138.05,Failed,2024-01-01 03:39:28"
"477,477,5,4896.68,Failed,2024-10-04 15:17:21"
"478,478,5,4208.97,Failed,2024-01-30 06:16:07"
"479,479,2,4208.69,Completed,2024-09-24 11:39:57"
"480,480,5,949.64,Completed,2024-06-23 18:14:05"
"481,481,4,2904.38,Completed,2024-09-01 17:31:54"
"482,482,2,4479.28,Completed,2024-09-13 22:08:27"
"483,483,5,4453.57,Completed,2024-07-05 14:33:20"
"484,484,1,3214.17,Pending,2024-08-22 22:12:38"
"485,485,3,2116.92,Completed,2024-08-16 18:10:38"
"486,486,4,3751.78,Completed,2024-06-15 16:33:32"
"487,487,5,154.14,Pending,2024-05-31 04:29:50"
"488,488,5,4200.53,Failed,2024-03-30 12:12:15"
"489,489,3,2113.71,Pending,2024-09-09 12:39:39"
"490,490,1,2098.62,Completed,2024-09-20 02:13:25"
"491,491,5,2504.35,Completed,2024-04-21 05:09:27"
"492,492,5,4924.61,Failed,2024-04-29 00:53:00"
"493,493,2,4091.93,Failed,2024-06-24 08:06:15"
"494,494,2,2819.15,Pending,2024-07-29 02:19:50"
"495,495,1,1130.15,Pending,2024-05-07 01:44:55"
"496,496,1,3819.37,Pending,2024-01-15 15:35:41"
"497,497,2,1826.84,Completed,2024-07-05 15:43:46"
"498,498,1,1391.15,Failed,2024-08-02 15:28:45"
"499,499,5,935.7,Failed,2024-05-25 21:51:24"
"500,500,3,378.12,Completed,2024-09-26 01:47:53"
"501,501,3,367.97,Completed,2024-03-18 06:37:49"
"502,502,3,3071.88,Completed,2024-07-08 08:32:54"
"503,503,2,4817.36,Completed,2024-01-15 17:53:25"
"504,504,4,2196.73,Completed,2024-08-03 06:24:17"
"505,505,3,75.64,Pending,2024-06-01 12:30:03"
"506,506,1,822.37,Failed,2024-06-30 20:04:59"
"507,507,3,4999.69,Failed,2024-04-04 02:34:48"
"508,508,3,4566.43,Failed,2024-04-21 07:58:43"
"509,509,4,4011.71,Pending,2024-04-22 16:42:08"
"510,510,3,4495.24,Failed,2024-02-27 05:17:29"
"511,511,4,2955.54,Failed,2024-01-04 08:43:17"
"512,512,1,4655.36,Pending,2024-04-02 18:23:40"
"513,513,5,360.8,Pending,2024-02-02 15:45:31"
"514,514,2,4808.15,Pending,2024-02-27 13:04:02"
"515,515,3,1642.7,Failed,2024-07-03 22:38:59"
"516,516,5,117.02,Completed,2024-09-23 16:28:09"
"517,517,5,2919.96,Pending,2024-02-28 00:32:46"
"518,518,2,1213.04,Pending,2024-01-22 07:18:34"
"519,519,5,2110.04,Pending,2024-06-11 05:46:38"
"520,520,2,2652.7,Pending,2024-01-30 02:31:05"
"521,521,3,558.8,Completed,2024-06-16 05:49:21"
"522,522,1,4440.71,Pending,2024-06-12 03:17:52"
"523,523,4,2928.96,Completed,2024-05-28 18:06:58"
"524,524,1,1449.0,Failed,2024-03-06 04:58:27"
"525,525,2,103.02,Failed,2024-05-04 02:21:50"
"526,526,5,4830.96,Completed,2024-04-02 08:09:48"
"527,527,5,2945.39,Failed,2024-08-18 08:00:42"
"528,528,3,3847.43,Failed,2024-07-12 08:36:54"
"529,529,5,3202.06,Completed,2024-08-11 12:11:53"
"530,530,1,4252.26,Pending,2024-04-20 18:22:43"
"531,531,1,3573.14,Failed,2024-02-04 16:17:14"
"532,532,5,1322.35,Failed,2024-03-10 05:50:43"
"533,533,5,4561.26,Pending,2024-08-22 19:39:25"
"534,534,1,3648.08,Pending,2024-04-22 20:26:33"
"535,535,1,4307.13,Completed,2024-03-06 01:45:41"
"536,536,5,2885.0,Pending,2024-08-28 05:17:02"
"537,537,4,3993.79,Completed,2024-09-02 01:48:04"
"538,538,4,3676.18,Failed,2024-09-04 15:25:42"
"539,539,5,625.83,Failed,2024-03-29 22:20:31"
"540,540,2,2836.19,Failed,2024-02-06 11:27:08"
"541,541,3,3405.15,Pending,2024-08-20 12:58:30"
"542,542,2,2380.51,Pending,2024-06-29 02:53:11"
"543,543,5,2324.63,Completed,2024-01-11 13:34:20"
"544,544,3,4651.65,Failed,2024-08-07 12:44:43"
"545,545,1,2237.66,Failed,2024-07-21 00:44:08"
"546,546,2,2864.46,Failed,2024-06-16 08:36:04"
"547,547,5,4313.3,Failed,2024-02-11 23:53:29"
"548,548,1,2640.63,Pending,2024-04-11 06:51:44"
"549,549,4,760.55,Completed,2024-04-16 20:17:37"
"550,550,3,1947.97,Completed,2024-01-19 14:23:27"
"551,551,3,1403.33,Completed,2024-02-19 16:47:55"
"552,552,1,2545.28,Pending,2024-02-02 19:46:44"
"553,553,5,861.45,Pending,2024-06-17 14:44:45"
"554,554,4,912.46,Failed,2024-03-20 20:13:36"
"555,555,2,622.72,Pending,2024-02-28 16:57:55"
"556,556,5,368.48,Completed,2024-05-05 13:13:20"
"557,557,2,3517.9,Failed,2024-02-22 06:11:39"
"558,558,2,167.24,Failed,2024-02-01 23:57:22"
"559,559,2,3879.9,Failed,2024-05-19 06:04:25"
"560,560,1,4987.48,Failed,2024-03-31 17:31:35"
"561,561,4,2447.28,Failed,2024-04-07 01:27:27"
"562,562,5,2377.66,Failed,2024-07-21 07:55:40"
"563,563,3,485.29,Failed,2024-02-23 05:39:37"
"564,564,5,592.59,Completed,2024-08-23 11:00:57"
"565,565,5,1726.14,Failed,2024-07-10 15:34:04"
"566,566,4,2694.41,Failed,2024-08-24 13:48:25"
"567,567,1,2584.33,Failed,2024-07-31 20:09:55"
"568,568,4,4719.78,Failed,2024-01-23 01:39:21"
"569,569,4,2529.99,Pending,2024-09-29 16:58:38"
"570,570,3,2558.79,Failed,2024-01-29 21:07:55"
"571,571,3,1271.72,Pending,2024-05-07 03:05:34"
"572,572,3,3496.68,Pending,2024-06-12 14:27:56"
"573,573,1,4017.44,Completed,2024-03-12 03:51:49"
"574,574,2,4893.78,Pending,2024-01-26 20:37:46"
"575,575,2,2943.88,Pending,2024-02-17 18:43:11"
"576,576,5,1490.21,Completed,2024-05-04 20:43:14"
"577,577,1,4706.84,Failed,2024-07-16 12:07:07"
"578,578,4,4931.65,Pending,2024-04-09 22:42:48"
"579,579,3,1399.62,Pending,2024-01-13 13:47:40"
"580,580,4,4478.96,Failed,2024-08-24 07:29:20"
"581,581,1,4568.91,Failed,2024-08-09 17:14:30"
"582,582,2,3978.45,Completed,2024-09-11 02:26:59"
"583,583,1,105.43,Failed,2024-01-01 01:45:16"
"584,584,4,3821.51,Failed,2024-09-26 18:24:13"
"585,585,4,3004.72,Failed,2024-08-13 14:18:50"
"586,586,1,277.96,Failed,2024-03-26 12:54:44"
"587,587,1,1708.97,Failed,2024-05-01 03:17:10"
"588,588,1,243.13,Pending,2024-01-09 09:52:34"
"589,589,4,4435.33,Failed,2024-05-25 03:02:41"
"590,590,2,4277.21,Failed,2024-01-17 12:36:58"
"591,591,3,1590.21,Pending,2024-04-03 02:22:38"
"592,592,5,3263.19,Pending,2024-04-15 15:21:04"
"593,593,5,3651.45,Failed,2024-09-26 12:58:20"
"594,594,5,172.63,Pending,2024-08-08 04:18:50"
"595,595,1,2464.83,Pending,2024-02-07 23:00:06"
"596,596,4,2619.77,Failed,2024-01-19 21:55:58"
"597,597,5,4044.03,Completed,2024-08-16 06:26:40"
"598,598,1,4036.71,Completed,2024-05-29 06:48:27"
"599,599,3,228.88,Pending,2024-03-12 13:55:47"
"600,600,2,4209.59,Pending,2024-01-22 03:23:01"
"601,601,4,1960.21,Failed,2024-08-22 14:46:07"
"602,602,1,1613.16,Pending,2024-09-28 06:55:48"
"603,603,5,3462.45,Pending,2024-05-24 03:29:28"
"604,604,1,3352.51,Completed,2024-04-12 04:03:24"
"605,605,5,2299.81,Pending,2024-02-07 10:38:38"
"606,606,2,950.02,Failed,2024-03-21 11:54:08"
"607,607,4,1838.4,Failed,2024-01-07 19:40:27"
"608,608,4,4747.3,Completed,2024-09-30 06:25:35"
"609,609,4,2517.18,Completed,2024-05-03 23:06:57"
"610,610,2,3856.9,Pending,2024-01-19 00:16:20"
"611,611,4,397.22,Failed,2024-02-26 19:43:18"
"612,612,3,4126.49,Completed,2024-01-30 23:34:37"
"613,613,4,1028.36,Failed,2024-03-12 00:24:25"
"614,614,5,59.9,Failed,2024-07-18 05:39:06"
"615,615,1,177.79,Pending,2024-10-02 01:07:58"
"616,616,5,618.85,Completed,2024-02-01 15:26:15"
"617,617,2,1225.58,Completed,2024-09-18 23:50:01"
"618,618,4,1688.28,Pending,2024-01-18 04:36:43"
"619,619,4,521.17,Pending,2024-02-06 03:25:38"
"620,620,4,4764.97,Pending,2024-03-11 00:26:28"
"621,621,5,196.13,Pending,2024-09-27 20:11:24"
"622,622,1,566.35,Completed,2024-06-26 06:47:16"
"623,623,1,2451.22,Completed,2024-09-26 01:29:03"
"624,624,4,211.85,Pending,2024-04-08 07:59:28"
"625,625,3,893.57,Completed,2024-04-18 20:32:24"
"626,626,4,2367.72,Pending,2024-02-06 12:59:04"
"627,627,5,3667.46,Completed,2024-10-03 06:12:31"
"628,628,1,2946.67,Completed,2024-03-02 02:54:51"
"629,629,3,3009.06,Completed,2024-07-04 06:12:47"
"630,630,2,3572.63,Pending,2024-02-14 17:15:20"
"631,631,4,3198.83,Failed,2024-01-02 00:52:25"
"632,632,4,2587.16,Failed,2024-07-06 23:11:46"
"633,633,2,2387.0,Failed,2024-03-07 09:34:47"
"634,634,1,4183.02,Completed,2024-04-26 12:54:31"
"635,635,2,2130.8,Pending,2024-05-15 02:47:47"
"636,636,4,3568.88,Completed,2024-05-13 22:07:02"
"637,637,4,3777.91,Completed,2024-03-15 15:40:57"
"638,638,3,4311.91,Completed,2024-01-24 21:09:49"
"639,639,1,1934.75,Pending,2024-06-27 04:11:42"
"640,640,1,488.86,Failed,2024-01-19 02:55:41"
"641,641,4,1782.14,Failed,2024-03-19 03:42:04"
"642,642,2,4051.61,Completed,2024-04-21 16:48:21"
"643,643,1,729.88,Failed,2024-05-22 07:00:26"
"644,644,4,848.66,Completed,2024-06-20 23:22:43"
"645,645,1,967.41,Completed,2024-02-01 02:50:21"
"646,646,5,4673.06,Failed,2024-10-02 19:43:08"
"647,647,1,3933.69,Failed,2024-05-03 02:23:55"
"648,648,5,3881.26,Pending,2024-07-12 15:41:41"
"649,649,5,844.54,Pending,2024-08-23 10:03:49"
"650,650,5,1673.42,Failed,2024-01-02 15:02:16"
"651,651,2,3875.84,Pending,2024-06-08 12:42:10"
"652,652,2,1000.47,Pending,2024-07-03 03:36:46"
"653,653,4,2400.58,Pending,2024-05-10 08:56:49"
"654,654,4,2084.64,Pending,2024-08-10 15:09:36"
"655,655,5,4012.19,Failed,2024-01-12 09:48:56"
"656,656,1,4282.77,Pending,2024-03-29 20:03:04"
"657,657,5,1776.41,Completed,2024-05-27 13:22:46"
"658,658,4,4047.53,Pending,2024-07-03 11:56:11"
"659,659,3,3342.59,Pending,2024-06-19 07:14:23"
"660,660,5,4143.72,Pending,2024-01-31 18:40:33"
"661,661,1,2312.59,Completed,2024-07-22 21:28:49"
"662,662,3,583.01,Pending,2024-02-13 09:43:50"
"663,663,5,3364.43,Completed,2024-01-30 03:29:50"
